State_Code,State_Name,State_Type,Country_Code,Country_Name,Species,Alt,Rain,pH,Temp_Min,Temp_Max,Texture,Fertility,Cycle,Growth,Temp_Opt_Min,Temp_Opt_Max,Temp_Abs_Min,Temp_Abs_Max,Rain_Opt_Min,Rain_Opt_Max,Rain_Abs_Min,Rain_Abs_Max,Alt_Abs_Max,pH_Opt_Min,pH_Opt_Max,pH_Abs_Min,pH_Abs_Max,Texture_Opt,Texture_Abs,Fertility_Opt,Fertility_Abs,Cycle_Min,Cycle_Max
TZA.14_1,Morogoro,Region,TZA,Tanzania,Acacia aulacocarpa,2,1,2,2,2,2,2,2,2,18.0,32.0,12.0,43.0,900.0,1200.0,500.0,1500.0,1000.0,5.0,6.0,4.0,7.0,"heavy, medium, light","heavy, medium, light",low,low,180.0,300.0
TZA.14_1,Morogoro,Region,TZA,Tanzania,Acacia auriculiformis,2,2,1,1,2,2,2,2,2,24.0,32.0,10.0,40.0,1200.0,2500.0,500.0,5000.0,600.0,6.0,8.0,3.0,9.5,"heavy, medium, light","heavy, medium, light",low,low,180.0,240.0
TZA.14_1,Morogoro,Region,TZA,Tanzania,Acacia catechu,2,2,2,1,2,2,2,2,2,25.0,35.0,7.0,48.0,700.0,2100.0,500.0,3800.0,1500.0,5.0,6.0,4.5,7.0,"medium, light","heavy, medium, light",moderate,low,180.0,270.0
TZA.14_1,Morogoro,Region,TZA,Tanzania,Acacia cincinnata,2,1,2,1,2,2,2,2,2,22.0,32.0,10.0,39.0,1500.0,3000.0,1000.0,3500.0,750.0,5.0,6.0,4.5,6.5,light,"heavy, medium, light",moderate,low,210.0,365.0
TZA.14_1,Morogoro,Region,TZA,Tanzania,Acacia dealbata,2,1,2,2,1,2,2,2,2,15.0,26.0,6.0,32.0,600.0,1000.0,300.0,1500.0,1000.0,5.5,6.5,5.0,7.0,"medium, light","heavy, medium, light",moderate,low,150.0,240.0
TZA.14_1,Morogoro,Region,TZA,Tanzania,Acacia decurrens,2,2,2,2,1,2,2,2,2,12.0,25.0,6.0,30.0,900.0,2600.0,750.0,3000.0,2500.0,5.0,6.5,4.5,7.0,"medium, light","medium, light",moderate,low,150.0,300.0
TZA.14_1,Morogoro,Region,TZA,Tanzania,Acacia farnesiana,2,2,1,2,2,2,2,2,2,20.0,32.0,7.0,42.0,400.0,1400.0,150.0,4000.0,1300.0,6.5,7.0,4.3,8.0,"medium, light","heavy, medium, light",low,low,60.0,240.0
TZA.14_1,Morogoro,Region,TZA,Tanzania,Acacia flavescens,2,2,2,1,2,2,2,2,2,22.0,34.0,11.0,38.0,1000.0,2200.0,750.0,3000.0,1000.0,5.0,6.5,4.5,7.5,"medium, light","heavy, medium, light",moderate,low,210.0,330.0
TZA.14_1,Morogoro,Region,TZA,Tanzania,Acacia holosericea,2,1,2,1,2,2,2,2,2,24.0,32.0,12.0,45.0,600.0,1200.0,250.0,1600.0,750.0,5.5,7.5,4.5,8.5,"medium, light","medium, light",moderate,low,120.0,300.0
TZA.14_1,Morogoro,Region,TZA,Tanzania,Acacia leptocarpa,2,2,2,1,2,2,2,2,2,22.0,33.0,10.0,39.0,750.0,1500.0,500.0,1750.0,550.0,4.5,6.0,4.0,6.5,"medium, light","heavy, medium, light",low,low,180.0,300.0
TZA.14_1,Morogoro,Region,TZA,Tanzania,Acacia leucophloea,2,2,1,1,2,2,2,2,2,22.0,32.0,12.0,38.0,900.0,1700.0,600.0,2000.0,550.0,6.0,7.0,5.0,7.5,"heavy, medium, light","heavy, medium, light",moderate,low,180.0,300.0
TZA.14_1,Morogoro,Region,TZA,Tanzania,Acacia maidenii,2,1,2,2,2,1,2,2,2,17.0,32.0,10.0,38.0,900.0,1200.0,600.0,1300.0,900.0,5.5,6.5,5.0,7.0,"heavy, organic","heavy, medium, light",moderate,moderate,180.0,300.0
TZA.14_1,Morogoro,Region,TZA,Tanzania,Acacia mangium,2,1,2,1,2,1,2,2,2,22.0,34.0,12.0,38.0,2000.0,3000.0,1000.0,4500.0,800.0,5.0,6.5,4.0,7.5,medium,"heavy, medium, light",moderate,low,210.0,270.0
TZA.14_1,Morogoro,Region,TZA,Tanzania,Acacia pycnantha,2,2,1,2,1,2,2,2,2,20.0,28.0,5.0,35.0,1000.0,1600.0,600.0,2300.0,800.0,6.0,7.0,5.0,7.5,"heavy, medium, light","heavy, medium, light",low,low,90.0,270.0
TZA.14_1,Morogoro,Region,TZA,Tanzania,Acehmea magdalenae,2,2,2,1,2,2,2,2,2,24.0,30.0,12.0,36.0,900.0,1300.0,700.0,1500.0,900.0,5.5,6.5,5.0,7.0,"light, organic","medium, light",moderate,low,210.0,330.0
TZA.14_1,Morogoro,Region,TZA,Tanzania,Acer caesium,2,2,1,2,1,1,1,2,2,15.0,21.0,7.0,30.0,1000.0,1800.0,660.0,2150.0,3000.0,4.5,5.5,4.0,6.5,medium,"heavy, medium, light",high,moderate,210.0,270.0
TZA.14_1,Morogoro,Region,TZA,Tanzania,Acroceras macrum,2,2,1,2,1,2,1,2,2,16.0,26.0,12.0,30.0,800.0,1500.0,625.0,2000.0,2000.0,4.8,5.8,4.3,7.3,"heavy, medium, light","heavy, medium, light",high,moderate,120.0,365.0
TZA.14_1,Morogoro,Region,TZA,Tanzania,Actinidia chinensis,2,2,1,1,2,2,1,2,2,21.0,30.0,8.0,35.0,900.0,1300.0,700.0,1500.0,1500.0,6.0,7.0,5.5,7.5,"light, organic","medium, light",high,moderate,210.0,330.0
TZA.14_1,Morogoro,Region,TZA,Tanzania,Adansonia digitata,2,2,2,1,2,2,2,2,2,26.0,36.0,14.0,42.0,600.0,1500.0,250.0,4200.0,1500.0,5.0,6.5,4.3,7.5,"medium, light","medium, light",low,low,210.0,270.0
TZA.14_1,Morogoro,Region,TZA,Tanzania,Aeschynomene falcata,2,2,2,2,1,2,2,2,2,20.0,25.0,5.0,35.0,1000.0,1500.0,700.0,2500.0,2000.0,5.5,6.0,4.5,8.0,"heavy, medium, light","heavy, medium, light",moderate,low,120.0,240.0
TZA.14_1,Morogoro,Region,TZA,Tanzania,Aeschynomene histrix,2,2,2,2,1,2,2,2,2,15.0,28.0,12.0,35.0,800.0,1500.0,350.0,2760.0,1400.0,5.0,6.5,4.5,7.0,"medium, light","heavy, medium, light, wide",moderate,low,45.0,305.0
TZA.14_1,Morogoro,Region,TZA,Tanzania,Aesculus indica,2,2,1,1,1,2,2,2,2,23.0,26.0,6.0,30.0,1000.0,2000.0,660.0,2500.0,3000.0,4.5,5.0,4.0,6.0,"medium, light","medium, light",moderate,moderate,210.0,270.0
TZA.14_1,Morogoro,Region,TZA,Tanzania,Agathis robusta,2,1,2,2,2,2,2,2,2,18.0,30.0,6.0,38.0,1500.0,3000.0,900.0,5000.0,900.0,5.5,7.0,4.2,8.1,"medium, light","heavy, medium, light",moderate,low,210.0,300.0
TZA.14_1,Morogoro,Region,TZA,Tanzania,Agave sisalana,2,1,1,2,1,2,2,2,2,15.0,27.0,10.0,45.0,900.0,1250.0,500.0,1800.0,2000.0,6.0,7.5,5.5,8.0,"medium, light","heavy, medium, light",moderate,low,150.0,270.0
TZA.14_1,Morogoro,Region,TZA,Tanzania,Agrostis tenuis,2,1,2,2,1,1,2,2,2,10.0,20.0,3.0,45.0,400.0,800.0,200.0,2100.0,2500.0,4.5,7.5,4.0,8.5,"heavy, medium","heavy, medium, light",moderate,low,120.0,270.0
TZA.14_1,Morogoro,Region,TZA,Tanzania,Ailanthus excelsa,2,2,2,2,2,2,2,2,3,20.0,40.0,4.0,47.0,600.0,1900.0,400.0,2500.0,900.0,5.0,6.0,4.5,7.0,"medium, light","medium, light",moderate,low,120.0,300.0
TZA.14_1,Morogoro,Region,TZA,Tanzania,Albizia lebbeck,2,2,1,1,2,1,2,2,2,26.0,36.0,12.0,48.0,600.0,2000.0,500.0,2500.0,1600.0,6.0,7.0,5.5,8.5,medium,"heavy, medium, light",low,low,180.0,300.0
TZA.14_1,Morogoro,Region,TZA,Tanzania,Albizia odoratissima,2,2,2,1,2,2,2,2,2,24.0,37.0,5.0,48.0,1000.0,1500.0,600.0,3000.0,1700.0,5.5,6.5,4.5,7.5,"heavy, medium, light","heavy, medium, light",moderate,moderate,210.0,240.0
TZA.14_1,Morogoro,Region,TZA,Tanzania,Albizia procera,2,1,2,2,2,1,2,2,2,20.0,33.0,10.0,45.0,1500.0,2500.0,780.0,5100.0,1200.0,5.5,6.5,5.0,7.5,medium,"heavy, medium, light",moderate,low,150.0,270.0
TZA.14_1,Morogoro,Region,TZA,Tanzania,Albizia stipulata,2,1,2,1,2,1,1,2,2,22.0,34.0,4.0,43.0,2000.0,2400.0,1100.0,5000.0,1300.0,5.5,6.5,5.0,7.5,medium,"medium, light",high,moderate,210.0,300.0
TZA.14_1,Morogoro,Region,TZA,Tanzania,Albizia toona,2,2,2,1,2,2,2,2,2,22.0,32.0,12.0,37.0,1000.0,1750.0,800.0,2000.0,800.0,5.5,6.5,5.0,7.0,light,"medium, light",moderate,low,210.0,300.0
TZA.14_1,Morogoro,Region,TZA,Tanzania,Alnus acuminata,2,1,2,2,1,1,2,2,2,15.0,28.0,4.0,34.0,1500.0,2500.0,1000.0,3500.0,3800.0,5.5,6.5,4.5,7.0,"medium, organic","heavy, medium, light",moderate,low,180.0,270.0
TZA.14_1,Morogoro,Region,TZA,Tanzania,Alnus japonica,2,1,2,2,2,1,2,2,2,18.0,32.0,4.0,36.0,1500.0,2000.0,1250.0,2500.0,1500.0,5.0,6.5,4.5,7.5,medium,"heavy, medium, light",moderate,low,180.0,240.0
TZA.14_1,Morogoro,Region,TZA,Tanzania,Alnus nepalensis,2,2,2,2,1,1,2,2,2,15.0,28.0,4.0,36.0,1000.0,2000.0,500.0,2500.0,3000.0,5.5,7.0,5.0,8.0,medium,"light, wide",moderate,moderate,180.0,240.0
TZA.14_1,Morogoro,Region,TZA,Tanzania,Alnus rubra,2,2,2,2,2,1,2,2,2,17.0,32.0,4.0,45.0,1000.0,2000.0,600.0,3000.0,1000.0,5.5,7.0,5.0,8.0,medium,"heavy, medium, light",moderate,low,180.0,300.0
TZA.14_1,Morogoro,Region,TZA,Tanzania,Alphitonia excelsa,2,1,2,2,2,2,2,2,2,18.0,36.0,8.0,43.0,560.0,1250.0,450.0,1500.0,750.0,5.5,7.0,4.5,8.0,"heavy, medium, light, wide, organic","heavy, medium, light, wide, organic",moderate,moderate,160.0,300.0
TZA.14_1,Morogoro,Region,TZA,Tanzania,Alysicarpus vaginalis,2,2,2,1,2,2,2,2,2,22.0,30.0,15.0,35.0,1000.0,2000.0,700.0,4300.0,1400.0,5.5,6.5,4.5,8.5,"medium, light","heavy, medium, light",moderate,low,120.0,300.0
TZA.14_1,Morogoro,Region,TZA,Tanzania,Amaranthus caudatus,2,2,2,1,1,2,2,2,2,21.0,28.0,7.0,40.0,800.0,2300.0,250.0,4200.0,3600.0,5.5,7.5,4.3,8.5,"light, organic","heavy, medium, light",moderate,low,30.0,300.0
TZA.14_1,Morogoro,Region,TZA,Tanzania,Amaranthus cruentus,2,1,2,1,1,2,1,2,2,22.0,28.0,10.0,45.0,2000.0,2400.0,500.0,4000.0,1200.0,5.5,7.0,4.3,7.5,"heavy, medium, light, organic","heavy, medium, light",high,moderate,30.0,300.0
TZA.14_1,Morogoro,Region,TZA,Tanzania,Amaranthus dubius,2,1,1,1,2,2,1,2,2,22.0,30.0,12.0,45.0,2100.0,2400.0,700.0,4000.0,1200.0,6.0,7.5,5.5,8.5,"heavy, medium, light, organic","heavy, medium, light",high,moderate,30.0,300.0
TZA.14_1,Morogoro,Region,TZA,Tanzania,Amaranthus lividus,2,2,2,1,1,2,1,2,2,21.0,27.0,18.0,32.0,1200.0,1500.0,200.0,2700.0,800.0,5.5,7.0,4.3,7.5,"heavy, medium, light, organic","heavy, medium, light",high,moderate,30.0,300.0
TZA.14_1,Morogoro,Region,TZA,Tanzania,Amaranthus sp.,2,2,2,2,2,2,1,2,2,19.0,30.0,7.0,45.0,1100.0,1400.0,200.0,4200.0,1200.0,5.5,7.5,4.3,8.5,"heavy, medium, light, organic","heavy, medium, light",high,moderate,30.0,300.0
TZA.14_1,Morogoro,Region,TZA,Tanzania,Amaranthus tricolor,2,2,2,1,2,2,1,2,2,22.0,30.0,8.0,45.0,1200.0,1500.0,300.0,2700.0,800.0,5.5,7.5,4.3,8.0,"heavy, medium, light, organic","heavy, medium, light",high,moderate,30.0,300.0
TZA.14_1,Morogoro,Region,TZA,Tanzania,Anacardium occidentale,2,2,2,2,2,2,2,2,3,15.0,35.0,5.0,46.0,750.0,1600.0,400.0,4000.0,1200.0,4.5,6.5,3.8,8.7,"medium, light","heavy, medium, light",moderate,low,190.0,260.0
TZA.14_1,Morogoro,Region,TZA,Tanzania,Andropogon gayanus,2,2,2,1,1,1,2,2,2,22.0,28.0,16.0,32.0,750.0,1400.0,400.0,3000.0,2000.0,4.5,6.5,4.0,7.5,medium,"heavy, medium, light",moderate,low,150.0,270.0
TZA.14_1,Morogoro,Region,TZA,Tanzania,Annona atemoya,2,1,2,1,1,2,2,2,2,24.0,28.0,12.0,32.0,2000.0,3000.0,600.0,4200.0,1500.0,5.5,6.5,5.0,7.0,"medium, light","medium, light",moderate,low,210.0,270.0
TZA.14_1,Morogoro,Region,TZA,Tanzania,Annona cherimola x Annona squamosa,2,1,2,1,1,2,2,2,2,24.0,28.0,12.0,32.0,2000.0,3000.0,600.0,4200.0,2000.0,5.5,6.5,5.0,7.0,"medium, light","medium, light",moderate,low,210.0,270.0
TZA.14_1,Morogoro,Region,TZA,Tanzania,Annona muricata,2,2,2,2,2,1,2,2,2,20.0,30.0,13.0,36.0,1200.0,2200.0,800.0,4200.0,1200.0,5.5,6.5,4.5,8.0,"heavy, medium","heavy, medium, light",moderate,moderate,180.0,365.0
TZA.14_1,Morogoro,Region,TZA,Tanzania,Annona reticulata,2,2,2,1,1,1,1,2,2,23.0,27.0,7.0,34.0,1200.0,1400.0,600.0,2200.0,1500.0,5.0,7.5,4.5,8.0,medium,"heavy, medium, light",high,moderate,210.0,270.0
TZA.14_1,Morogoro,Region,TZA,Tanzania,Annona squamosa,2,1,1,1,2,2,1,2,2,23.0,30.0,11.0,41.0,800.0,1200.0,570.0,4000.0,1000.0,7.0,8.0,4.3,8.5,"medium, light","heavy, medium, light",high,moderate,210.0,270.0
TZA.14_1,Morogoro,Region,TZA,Tanzania,Arachis glabrata,2,2,2,2,1,2,2,2,2,20.0,28.0,12.0,35.0,1000.0,2000.0,600.0,4000.0,1500.0,5.0,6.0,4.5,8.5,"heavy, medium, light","heavy, medium, light",moderate,low,90.0,300.0
TZA.14_1,Morogoro,Region,TZA,Tanzania,Arachis pintoi,2,1,2,1,1,2,1,2,2,22.0,28.0,12.0,30.0,1500.0,2000.0,900.0,3000.0,1400.0,5.4,6.0,4.5,7.5,"medium, light","heavy, medium, light",high,low,180.0,300.0
TZA.14_1,Morogoro,Region,TZA,Tanzania,Araucaria cunninghamii,2,2,2,2,1,1,1,2,2,18.0,28.0,5.0,34.0,1000.0,2000.0,800.0,4800.0,2800.0,5.0,6.5,4.5,7.5,"heavy, medium","heavy, medium, light",high,low,210.0,300.0
TZA.14_1,Morogoro,Region,TZA,Tanzania,Archontophoenix cunningham,2,2,2,2,1,1,1,2,2,20.0,28.0,6.0,36.0,1100.0,1400.0,1000.0,1550.0,700.0,5.5,6.5,5.0,7.0,"heavy, medium","heavy, medium, light",high,moderate,210.0,300.0
TZA.14_1,Morogoro,Region,TZA,Tanzania,Artocarpus heterophyllus,2,1,2,2,2,1,2,2,2,20.0,30.0,16.0,34.0,1500.0,3000.0,700.0,4200.0,1600.0,5.5,7.5,4.3,8.0,medium,"heavy, medium, light",moderate,low,210.0,365.0
TZA.14_1,Morogoro,Region,TZA,Tanzania,Arundinaria pusilla,2,2,2,2,1,2,2,2,2,16.0,28.0,6.0,32.0,1000.0,1400.0,700.0,4000.0,1500.0,5.5,6.3,5.0,7.3,"medium, light","heavy, medium, light",moderate,low,180.0,330.0
TZA.14_1,Morogoro,Region,TZA,Tanzania,Asparagus officinalis,2,1,1,2,2,1,1,2,2,15.0,30.0,6.0,38.0,800.0,1200.0,500.0,4000.0,2600.0,6.0,6.7,4.5,8.2,"medium, organic","medium, light",high,moderate,210.0,270.0
TZA.14_1,Morogoro,Region,TZA,Tanzania,Avena nuda,2,1,2,2,1,1,2,2,2,16.0,22.0,8.0,30.0,600.0,1100.0,400.0,1500.0,1000.0,5.5,7.7,5.0,8.0,"heavy, medium","heavy, medium, light, wide",moderate,low,120.0,270.0
TZA.14_1,Morogoro,Region,TZA,Tanzania,Averrhoa bilimbi,2,2,2,1,2,2,1,2,2,23.0,30.0,10.0,36.0,1200.0,2300.0,700.0,4000.0,1200.0,5.5,6.5,5.0,8.3,"heavy, medium, light, organic","heavy, medium, light",high,moderate,140.0,365.0
TZA.14_1,Morogoro,Region,TZA,Tanzania,Banksia integrifolia,2,2,2,2,2,2,2,2,3,18.0,32.0,10.0,37.0,850.0,1600.0,650.0,2000.0,1700.0,5.0,6.5,4.5,7.0,"medium, light","heavy, medium, light",moderate,low,180.0,240.0
TZA.14_1,Morogoro,Region,TZA,Tanzania,Bixa orellana,2,1,2,2,1,1,2,2,2,20.0,28.0,15.0,36.0,1500.0,2000.0,1250.0,2500.0,2000.0,5.5,7.5,4.5,8.5,"medium, organic","heavy, medium, light, wide, organic",moderate,low,150.0,365.0
TZA.14_1,Morogoro,Region,TZA,Tanzania,Blighia sapida,2,1,2,1,1,2,1,2,2,24.0,27.0,20.0,34.0,2000.0,4000.0,700.0,6000.0,900.0,5.5,6.5,4.3,8.0,"heavy, medium, light, organic","heavy, medium, light",high,moderate,150.0,365.0
TZA.14_1,Morogoro,Region,TZA,Tanzania,Bombacopsis quinata,2,2,2,1,2,2,2,2,2,21.0,32.0,16.0,36.0,1000.0,1600.0,800.0,3000.0,900.0,5.5,7.0,5.0,8.0,"heavy, medium, light","heavy, medium, light",moderate,moderate,180.0,270.0
TZA.14_1,Morogoro,Region,TZA,Tanzania,Bombax ceiba,2,2,2,1,2,1,1,2,2,28.0,42.0,5.0,49.0,750.0,4000.0,500.0,5000.0,1500.0,5.5,6.5,4.9,7.2,medium,"medium, light",high,moderate,210.0,330.0
TZA.14_1,Morogoro,Region,TZA,Tanzania,Bothriochloa insculpta,2,1,1,2,1,1,2,2,2,15.0,25.0,7.0,30.0,600.0,1000.0,450.0,1500.0,2000.0,6.0,7.0,5.5,7.5,"heavy, medium","heavy, medium, light",moderate,low,120.0,270.0
TZA.14_1,Morogoro,Region,TZA,Tanzania,Brachiaria brizantha,2,2,2,1,2,2,2,2,2,25.0,35.0,15.0,38.0,750.0,2500.0,500.0,4000.0,3000.0,5.0,6.0,4.5,7.0,"heavy, medium, light","heavy, medium, light",moderate,low,90.0,300.0
TZA.14_1,Morogoro,Region,TZA,Tanzania,Brassica napus,2,1,1,2,1,2,1,2,2,15.0,25.0,5.0,41.0,500.0,1000.0,400.0,2800.0,2000.0,6.5,7.6,5.5,8.0,"medium, light","heavy, medium, light",high,moderate,85.0,340.0
TZA.14_1,Morogoro,Region,TZA,Tanzania,Bursera simaruba,2,2,2,2,1,2,1,2,2,18.0,28.0,8.0,36.0,600.0,2000.0,400.0,3000.0,1800.0,5.0,6.5,4.5,7.0,"light, wide","heavy, medium, light, wide",high,low,210.0,300.0
TZA.14_1,Morogoro,Region,TZA,Tanzania,Butyrospermum paradoxum ssp. parkii,2,1,1,1,2,2,2,2,2,29.0,38.0,18.0,43.0,500.0,1000.0,300.0,1800.0,1800.0,6.0,7.0,5.5,8.0,"heavy, medium, light, organic","heavy, medium, light",low,low,180.0,240.0
TZA.14_1,Morogoro,Region,TZA,Tanzania,Cajanus cajan,2,2,2,2,2,2,2,2,3,18.0,38.0,10.0,45.0,600.0,1500.0,400.0,4000.0,3000.0,5.0,7.0,4.5,8.4,"medium, light","heavy, medium, light",moderate,low,90.0,365.0
TZA.14_1,Morogoro,Region,TZA,Tanzania,Callitris columellaris,2,2,2,1,2,2,1,2,2,24.0,34.0,8.0,37.0,1000.0,1500.0,750.0,1700.0,1800.0,5.5,6.5,5.0,7.5,"medium, light","medium, light",high,moderate,180.0,240.0
TZA.14_1,Morogoro,Region,TZA,Tanzania,Callitris macleayana,2,1,2,2,1,2,2,2,2,20.0,28.0,5.0,34.0,1300.0,1700.0,1000.0,2000.0,1000.0,5.5,6.5,5.0,7.0,"medium, light","heavy, medium, light",moderate,low,210.0,365.0
TZA.14_1,Morogoro,Region,TZA,Tanzania,Canavalia ensiformis,2,2,2,2,1,2,2,2,2,20.0,28.0,14.0,36.0,800.0,2000.0,600.0,4300.0,1800.0,5.0,6.0,4.3,8.0,"heavy, medium, light, organic","heavy, medium, light",moderate,low,80.0,300.0
TZA.14_1,Morogoro,Region,TZA,Tanzania,Canavalia gladiata,2,2,2,2,2,2,2,2,3,15.0,30.0,12.0,36.0,800.0,1800.0,600.0,2600.0,1500.0,5.0,6.0,4.3,7.5,"heavy, medium, light, organic","heavy, medium, light",moderate,low,90.0,300.0
TZA.14_1,Morogoro,Region,TZA,Tanzania,Canna edulis,2,2,2,2,2,1,1,2,2,20.0,30.0,9.0,32.0,1200.0,1700.0,250.0,4000.0,2900.0,5.5,6.5,4.5,8.0,medium,"heavy, medium, light",high,moderate,180.0,300.0
TZA.14_1,Morogoro,Region,TZA,Tanzania,Carthamus tinctorius,2,1,1,2,2,2,2,2,2,20.0,32.0,5.0,45.0,600.0,1000.0,300.0,1400.0,1800.0,6.5,7.5,5.0,8.0,"medium, light","heavy, medium, light",moderate,low,120.0,245.0
TZA.14_1,Morogoro,Region,TZA,Tanzania,Caryodendron orinocense,2,2,2,2,1,2,2,2,2,20.0,29.0,12.0,35.0,1200.0,3000.0,800.0,5000.0,2300.0,5.0,6.0,4.5,6.5,"heavy, medium, light","heavy, medium, light",moderate,moderate,180.0,365.0
TZA.14_1,Morogoro,Region,TZA,Tanzania,Caryota urens,2,1,1,1,2,1,1,2,2,24.0,32.0,18.0,38.0,1400.0,2400.0,700.0,4200.0,1200.0,6.0,7.5,5.5,8.0,medium,"heavy, medium, light",high,moderate,150.0,365.0
TZA.14_1,Morogoro,Region,TZA,Tanzania,Cassia alata,2,1,2,1,1,2,1,2,2,23.0,29.0,12.0,33.0,1500.0,2500.0,640.0,4290.0,1000.0,5.5,6.5,4.3,8.0,"heavy, medium, light","heavy, medium, light",high,moderate,210.0,365.0
TZA.14_1,Morogoro,Region,TZA,Tanzania,Cassia auriculata,2,2,1,1,2,2,2,2,2,22.0,30.0,8.0,38.0,1200.0,1600.0,400.0,4300.0,600.0,6.0,7.0,5.0,8.0,"medium, light","heavy, medium, light",moderate,low,210.0,365.0
TZA.14_1,Morogoro,Region,TZA,Tanzania,Cassia occidentalis,2,2,1,1,1,2,1,2,2,22.0,28.0,9.0,32.0,1000.0,1700.0,640.0,4300.0,1740.0,6.0,7.0,4.5,8.4,"medium, light","medium, light",high,moderate,210.0,330.0
TZA.14_1,Morogoro,Region,TZA,Tanzania,Cassia siamea,2,2,2,1,2,2,1,2,2,23.0,33.0,13.0,48.0,650.0,1500.0,400.0,2800.0,1400.0,5.5,6.5,5.0,7.5,"medium, light","medium, light",high,moderate,180.0,240.0
TZA.14_1,Morogoro,Region,TZA,Tanzania,Casuarina cunninghamiana,2,2,2,2,2,2,2,2,3,20.0,36.0,8.0,42.0,600.0,1500.0,450.0,5000.0,2200.0,5.5,6.5,4.5,7.5,"medium, light","medium, light",moderate,low,150.0,270.0
TZA.14_1,Morogoro,Region,TZA,Tanzania,Casuarina equisetifolia,2,2,2,2,2,2,2,2,3,20.0,35.0,10.0,40.0,700.0,3500.0,200.0,5000.0,1500.0,5.0,6.5,4.0,8.5,"medium, light","heavy, medium, light",low,low,100.0,270.0
TZA.14_1,Morogoro,Region,TZA,Tanzania,Casuarina glauca,2,2,2,2,2,1,1,2,2,20.0,30.0,5.0,34.0,700.0,1300.0,500.0,4000.0,900.0,4.5,7.0,4.0,8.0,"heavy, medium","heavy, medium, light",high,moderate,180.0,270.0
TZA.14_1,Morogoro,Region,TZA,Tanzania,Casuarina junghuhniana,2,2,2,2,1,2,2,2,2,20.0,28.0,13.0,32.0,1000.0,1600.0,700.0,2000.0,3100.0,4.5,7.0,2.8,8.0,"medium, light","heavy, medium, light",moderate,moderate,180.0,240.0
TZA.14_1,Morogoro,Region,TZA,Tanzania,Casuarina littoralis,2,1,2,2,1,2,2,2,2,18.0,28.0,8.0,36.0,650.0,1250.0,300.0,3000.0,1500.0,5.5,7.5,4.5,8.0,light,"medium, light",low,low,150.0,300.0
TZA.14_1,Morogoro,Region,TZA,Tanzania,Casuarina torulosa,2,2,2,2,2,1,1,2,2,20.0,30.0,8.0,35.0,1200.0,2200.0,900.0,2500.0,1100.0,5.5,6.5,5.0,7.0,"heavy, medium","heavy, medium, light",high,moderate,210.0,300.0
TZA.14_1,Morogoro,Region,TZA,Tanzania,Cedrus deodara,2,2,2,1,2,2,1,2,2,22.0,32.0,4.0,38.0,1000.0,1800.0,800.0,2000.0,3300.0,5.5,6.5,5.0,7.5,"medium, light","heavy, medium, light",high,moderate,210.0,240.0
TZA.14_1,Morogoro,Region,TZA,Tanzania,Centrosema macrocarpum,2,2,2,1,1,1,2,2,2,22.0,28.0,10.0,35.0,1000.0,2500.0,800.0,3000.0,1650.0,5.0,6.0,4.5,7.0,medium,"heavy, medium, light, wide",moderate,low,180.0,240.0
TZA.14_1,Morogoro,Region,TZA,Tanzania,Centrosema pubescens,2,2,1,2,2,1,1,2,2,20.0,30.0,13.0,35.0,1200.0,2500.0,750.0,4100.0,1600.0,4.9,5.5,4.0,7.0,"heavy, medium","heavy, medium, light",high,low,120.0,240.0
TZA.14_1,Morogoro,Region,TZA,Tanzania,Ceratonia siliqua,2,1,1,2,2,2,2,2,2,20.0,32.0,10.0,39.0,400.0,1000.0,200.0,2000.0,1000.0,6.0,7.5,5.0,9.0,"medium, light","medium, light",moderate,low,210.0,365.0
TZA.14_1,Morogoro,Region,TZA,Tanzania,Ceratopetalum apetalum,2,2,2,2,1,2,2,2,2,20.0,28.0,5.0,34.0,1200.0,1800.0,1000.0,2000.0,900.0,4.5,6.0,4.0,6.5,light,light,low,low,210.0,270.0
TZA.14_1,Morogoro,Region,TZA,Tanzania,Chamaecrista nictitans,2,2,2,2,1,2,2,2,2,20.0,25.0,15.0,30.0,1000.0,1600.0,550.0,2000.0,2000.0,5.0,6.5,4.5,7.0,light,"heavy, medium, light, wide",moderate,low,180.0,240.0
TZA.14_1,Morogoro,Region,TZA,Tanzania,Chenopodium quinoa,2,1,2,2,1,2,2,2,2,14.0,18.0,2.0,35.0,500.0,1000.0,250.0,2600.0,4000.0,5.5,8.0,4.5,9.5,"heavy, medium, light","heavy, medium, light",moderate,low,90.0,240.0
TZA.14_1,Morogoro,Region,TZA,Tanzania,Chrysopogon aciculatus,2,1,2,1,1,2,2,2,2,22.0,28.0,15.0,35.0,700.0,1200.0,400.0,2000.0,1500.0,5.0,6.0,4.5,6.5,"medium, light","medium, light",moderate,low,42.0,365.0
TZA.14_1,Morogoro,Region,TZA,Tanzania,Citrus aurantifolia,2,1,1,1,2,2,2,2,2,26.0,32.0,13.0,38.0,2200.0,2700.0,700.0,3700.0,2200.0,6.0,6.5,4.8,8.3,"medium, light","heavy, medium, light",moderate,low,180.0,365.0
TZA.14_1,Morogoro,Region,TZA,Tanzania,Citrus aurantium,2,2,1,1,2,2,2,2,2,25.0,30.0,12.0,42.0,1200.0,1400.0,350.0,2000.0,1000.0,6.0,7.0,5.5,8.3,"medium, light","heavy, medium, light",moderate,low,140.0,330.0
TZA.14_1,Morogoro,Region,TZA,Tanzania,Citrus medica,2,2,1,1,1,2,1,2,2,21.0,27.0,12.0,35.0,1200.0,1400.0,800.0,2000.0,1300.0,6.5,7.0,5.5,8.0,"medium, light","heavy, medium, light",high,moderate,210.0,365.0
TZA.14_1,Morogoro,Region,TZA,Tanzania,Citrus reticulata,2,2,1,1,2,2,1,2,2,23.0,34.0,12.0,38.0,1200.0,1800.0,300.0,4000.0,2300.0,6.0,6.8,5.5,8.3,"medium, light","heavy, medium, light",high,moderate,60.0,365.0
TZA.14_1,Morogoro,Region,TZA,Tanzania,Citrus sinensis,2,2,2,2,2,2,2,2,3,20.0,30.0,13.0,38.0,1200.0,2000.0,450.0,2700.0,2100.0,5.0,6.0,4.0,8.3,"medium, light","heavy, medium, light",moderate,low,180.0,365.0
TZA.14_1,Morogoro,Region,TZA,Tanzania,Citrus sp.,2,2,2,1,2,2,2,2,2,23.0,30.0,13.0,42.0,1200.0,1600.0,450.0,2700.0,2100.0,5.0,6.5,4.0,8.0,"medium, light","heavy, medium, light",moderate,low,180.0,365.0
TZA.14_1,Morogoro,Region,TZA,Tanzania,Citrus unshiu,2,2,2,2,1,2,1,2,2,18.0,28.0,12.0,34.0,1200.0,1500.0,500.0,2500.0,1500.0,5.5,6.5,5.0,8.0,"medium, light","heavy, medium, light",high,moderate,210.0,365.0
TZA.14_1,Morogoro,Region,TZA,Tanzania,Clitoria ternatea,2,2,1,2,1,1,1,2,2,19.0,28.0,15.0,32.0,1200.0,1800.0,400.0,4300.0,1800.0,6.5,7.5,4.5,9.0,medium,"heavy, medium, light",high,low,50.0,365.0
TZA.14_1,Morogoro,Region,TZA,Tanzania,Coffea arabica,2,1,2,2,1,1,1,2,2,14.0,28.0,10.0,34.0,1400.0,2300.0,750.0,4200.0,2800.0,5.5,7.0,4.3,8.4,"medium, organic","medium, light",high,moderate,210.0,330.0
TZA.14_1,Morogoro,Region,TZA,Tanzania,Cola nitida,2,1,2,1,2,1,2,2,2,21.0,30.0,10.0,35.0,1400.0,2500.0,1200.0,3500.0,800.0,5.0,6.0,4.3,7.0,"medium, organic","heavy, medium, light, wide, organic",moderate,low,150.0,365.0
TZA.14_1,Morogoro,Region,TZA,Tanzania,Crotalaria brevides var. brevides,2,1,1,2,1,2,2,2,2,16.0,26.0,12.0,30.0,1400.0,2000.0,1100.0,2700.0,2700.0,6.0,6.5,5.5,7.0,"medium, light","heavy, medium, light",moderate,low,150.0,365.0
TZA.14_1,Morogoro,Region,TZA,Tanzania,Crotalaria lanceolata,2,2,2,2,1,2,1,2,2,20.0,28.0,9.0,32.0,1100.0,1600.0,850.0,2800.0,2150.0,5.5,6.5,5.0,7.1,"medium, light","heavy, medium, light",high,low,150.0,365.0
TZA.14_1,Morogoro,Region,TZA,Tanzania,Crotalaria pallida,2,2,2,1,2,2,2,2,2,22.0,30.0,13.0,34.0,1200.0,1800.0,850.0,3600.0,1500.0,5.5,6.5,4.5,7.1,"medium, light","heavy, medium, light",moderate,low,180.0,270.0
TZA.14_1,Morogoro,Region,TZA,Tanzania,Cryptocarya erythroxylon,2,2,2,2,1,1,2,2,2,18.0,28.0,6.0,34.0,1200.0,1500.0,1000.0,1700.0,700.0,5.0,6.0,4.5,6.5,heavy,"heavy, medium, light",moderate,moderate,180.0,240.0
TZA.14_1,Morogoro,Region,TZA,Tanzania,Cunninghamia lanceolata,2,1,2,2,1,2,2,2,2,20.0,27.0,5.0,30.0,1300.0,1700.0,1100.0,1900.0,1800.0,5.5,6.5,5.0,7.5,light,light,moderate,moderate,210.0,270.0
TZA.14_1,Morogoro,Region,TZA,Tanzania,Cybistax donnellsmithii,2,1,2,1,1,2,2,2,2,22.0,28.0,17.0,34.0,1500.0,2500.0,1000.0,3000.0,600.0,5.5,6.5,5.0,7.5,"medium, light","medium, light",moderate,moderate,180.0,270.0
TZA.14_1,Morogoro,Region,TZA,Tanzania,Cymbopogon citratus,2,1,1,1,2,1,2,2,2,24.0,30.0,18.0,34.0,1500.0,3000.0,700.0,4200.0,1400.0,5.0,5.8,4.3,7.3,medium,"heavy, medium, light",moderate,low,120.0,365.0
TZA.14_1,Morogoro,Region,TZA,Tanzania,Cymbopogon nardus var. mahapengiri,2,1,2,1,2,1,1,2,2,22.0,30.0,16.0,36.0,1500.0,2200.0,1000.0,4100.0,1000.0,5.0,6.0,4.3,8.0,medium,"medium, light",high,moderate,180.0,270.0
TZA.14_1,Morogoro,Region,TZA,Tanzania,Cynara scolymus,2,1,1,2,1,2,1,2,2,15.0,25.0,5.0,30.0,900.0,1200.0,300.0,1500.0,2000.0,6.0,6.5,5.5,8.3,"medium, light","heavy, medium, light",high,moderate,210.0,270.0
TZA.14_1,Morogoro,Region,TZA,Tanzania,Dalbergia latifolia,2,1,2,2,2,1,2,2,2,16.0,35.0,5.0,48.0,1500.0,2500.0,750.0,5000.0,1500.0,5.5,6.5,4.5,7.5,"heavy, medium","heavy, medium, light",moderate,low,180.0,300.0
TZA.14_1,Morogoro,Region,TZA,Tanzania,Dalbergia sissoo,2,2,2,1,2,2,2,2,2,26.0,40.0,5.0,50.0,500.0,2000.0,300.0,4500.0,1700.0,5.0,7.5,4.5,8.5,"medium, light","heavy, medium, light, wide, organic",moderate,low,120.0,365.0
TZA.14_1,Morogoro,Region,TZA,Tanzania,Delonix regia,2,2,2,1,2,2,2,2,2,22.0,35.0,6.0,39.0,1000.0,1500.0,700.0,1800.0,2000.0,5.5,6.5,4.5,7.5,light,"heavy, medium, light, wide, organic",moderate,low,180.0,365.0
TZA.14_1,Morogoro,Region,TZA,Tanzania,Dendrocalamus merrillianus,2,1,2,1,1,2,1,2,2,22.0,28.0,15.0,34.0,1500.0,3000.0,1000.0,4000.0,1000.0,5.0,6.5,4.5,7.0,"medium, light","medium, light",high,moderate,180.0,365.0
TZA.14_1,Morogoro,Region,TZA,Tanzania,Dendrolobium umbellatum,2,2,2,1,2,2,2,2,2,22.0,34.0,13.0,40.0,850.0,1500.0,600.0,1750.0,600.0,5.5,8.0,4.5,9.0,"medium, light","medium, light",moderate,low,200.0,300.0
TZA.14_1,Morogoro,Region,TZA,Tanzania,Desmanthus virgatus,2,2,2,1,2,2,2,2,2,25.0,32.0,15.0,36.0,1000.0,2000.0,250.0,3000.0,2000.0,5.0,7.0,4.5,8.0,"heavy, medium, light","heavy, medium, light",moderate,low,100.0,365.0
TZA.14_1,Morogoro,Region,TZA,Tanzania,Desmodium uncinatum,2,2,2,1,2,2,1,2,2,25.0,32.0,15.0,34.0,1000.0,1600.0,750.0,2400.0,2400.0,5.5,6.5,5.0,7.0,"medium, light","heavy, medium, light",high,moderate,180.0,240.0
TZA.14_1,Morogoro,Region,TZA,Tanzania,Desmodium velutinum,2,1,2,2,1,2,2,2,2,20.0,26.0,18.0,32.0,1500.0,3500.0,1000.0,4000.0,1500.0,4.5,7.0,4.0,7.5,"medium, light","medium, light",moderate,low,210.0,365.0
TZA.14_1,Morogoro,Region,TZA,Tanzania,Dichanthium caricosum,2,1,2,1,2,1,2,2,2,32.0,35.0,12.0,40.0,1500.0,2500.0,1200.0,3000.0,1000.0,5.5,7.0,5.0,8.0,"heavy, medium","heavy, medium, light",moderate,low,180.0,240.0
TZA.14_1,Morogoro,Region,TZA,Tanzania,Dillenia pentagyna,2,2,2,1,2,2,2,2,2,30.0,42.0,7.0,47.0,1000.0,3000.0,750.0,5000.0,900.0,5.5,6.5,4.5,7.1,"heavy, medium, light","heavy, medium, light",moderate,low,210.0,300.0
TZA.14_1,Morogoro,Region,TZA,Tanzania,Dimocarpus longan var. longan,2,1,2,2,2,2,1,2,2,18.0,30.0,7.0,36.0,1300.0,2000.0,800.0,3000.0,1500.0,5.5,6.0,5.0,8.0,"medium, light","heavy, medium, light",high,moderate,210.0,365.0
TZA.14_1,Morogoro,Region,TZA,Tanzania,Dioscorea alata,2,2,2,2,2,2,1,2,2,20.0,32.0,14.0,40.0,1200.0,4000.0,700.0,8000.0,2500.0,5.5,6.5,4.8,8.5,"medium, light","medium, light",high,moderate,220.0,300.0
TZA.14_1,Morogoro,Region,TZA,Tanzania,Dioscorea esculenta,2,2,2,1,2,1,1,2,2,28.0,32.0,17.0,45.0,800.0,2000.0,600.0,8000.0,900.0,5.5,6.5,4.5,8.5,"medium, organic","medium, light",high,moderate,200.0,365.0
TZA.14_1,Morogoro,Region,TZA,Tanzania,Dioscorea floribunda,2,1,1,1,2,2,1,2,2,25.0,30.0,15.0,38.0,900.0,1200.0,600.0,2300.0,1500.0,6.0,6.5,5.8,7.2,"medium, light","medium, light",high,moderate,200.0,365.0
TZA.14_1,Morogoro,Region,TZA,Tanzania,Diospyros digyna,2,2,1,2,1,1,1,2,2,20.0,27.0,12.0,34.0,1200.0,1600.0,1000.0,2400.0,2000.0,6.0,7.0,5.5,7.5,medium,"heavy, medium, light",high,low,150.0,240.0
TZA.14_1,Morogoro,Region,TZA,Tanzania,Diospyros kaki,2,2,2,2,2,1,1,2,2,20.0,31.0,8.0,35.0,1000.0,1700.0,300.0,3000.0,2500.0,5.5,6.5,5.0,8.3,medium,"heavy, medium, light",high,moderate,150.0,270.0
TZA.14_1,Morogoro,Region,TZA,Tanzania,Diploglottis cunninghamii,2,1,2,2,1,2,2,2,2,18.0,28.0,8.0,36.0,1300.0,1700.0,1000.0,2000.0,1000.0,5.0,6.0,4.5,6.5,"heavy, medium, light","heavy, medium, light",moderate,moderate,180.0,240.0
TZA.14_1,Morogoro,Region,TZA,Tanzania,Dodonaea viscosa,2,1,2,2,2,2,2,2,2,18.0,38.0,7.0,45.0,300.0,1200.0,125.0,1600.0,1000.0,5.5,7.5,4.5,8.5,"medium, light","medium, light",low,low,125.0,300.0
TZA.14_1,Morogoro,Region,TZA,Tanzania,Doryphora sassafras,2,2,2,2,1,2,2,2,2,18.0,28.0,8.0,34.0,1200.0,1800.0,1000.0,2000.0,1000.0,5.0,6.0,4.5,6.5,"heavy, medium, light","heavy, medium, light",moderate,low,180.0,240.0
TZA.14_1,Morogoro,Region,TZA,Tanzania,Emblica officinalis,2,1,1,2,1,1,2,2,2,20.0,29.0,14.0,35.0,1500.0,2500.0,700.0,4200.0,1800.0,6.0,8.0,5.0,8.5,medium,"heavy, medium, light",moderate,moderate,180.0,365.0
TZA.14_1,Morogoro,Region,TZA,Tanzania,Emilia sonchifolia,2,2,2,2,2,2,2,2,3,20.0,30.0,10.0,40.0,1000.0,2000.0,500.0,4000.0,3000.0,4.5,6.5,4.0,7.0,"heavy, medium, light","heavy, medium, light",moderate,low,90.0,365.0
TZA.14_1,Morogoro,Region,TZA,Tanzania,Erythrophleum chlorostahys,2,2,2,1,1,2,2,2,2,22.0,28.0,13.0,43.0,1000.0,1400.0,300.0,1700.0,1100.0,5.5,6.5,4.5,7.5,"heavy, medium, light","heavy, medium, light",moderate,low,180.0,365.0
TZA.14_1,Morogoro,Region,TZA,Tanzania,Eucalyptus botryoides,2,2,2,1,1,1,2,2,2,22.0,29.0,5.0,35.0,700.0,1300.0,650.0,1600.0,1800.0,5.5,6.5,5.0,7.5,medium,"heavy, medium, light",moderate,low,210.0,330.0
TZA.14_1,Morogoro,Region,TZA,Tanzania,Eucalyptus camaldulensis,2,1,2,2,1,2,2,2,2,12.0,28.0,7.0,40.0,600.0,1000.0,250.0,2500.0,1500.0,5.0,7.0,4.5,8.0,"medium, light","heavy, medium, light",moderate,low,180.0,365.0
TZA.14_1,Morogoro,Region,TZA,Tanzania,Eucalyptus citriodora,2,2,2,1,2,2,2,2,2,22.0,32.0,12.0,40.0,800.0,1500.0,600.0,2500.0,2000.0,5.5,6.5,5.0,7.5,"medium, light","heavy, medium, light",low,low,180.0,365.0
TZA.14_1,Morogoro,Region,TZA,Tanzania,Eucalyptus cloeziana,2,2,2,1,2,2,2,2,2,22.0,32.0,8.0,37.0,800.0,2000.0,550.0,2300.0,1500.0,5.0,6.5,4.5,7.5,"medium, light","medium, light",moderate,low,210.0,365.0
TZA.14_1,Morogoro,Region,TZA,Tanzania,Eucalyptus dalrympleana,2,2,2,2,1,1,2,2,2,17.0,28.0,4.0,34.0,800.0,1900.0,700.0,2200.0,2500.0,5.5,6.5,5.0,7.0,"heavy, medium","heavy, medium, light",moderate,moderate,210.0,300.0
TZA.14_1,Morogoro,Region,TZA,Tanzania,Eucalyptus delegatensis,2,2,2,2,1,1,1,2,2,17.0,25.0,4.0,30.0,900.0,2500.0,700.0,3500.0,3000.0,5.5,6.5,5.0,7.0,medium,"heavy, medium, light",high,moderate,180.0,365.0
TZA.14_1,Morogoro,Region,TZA,Tanzania,Eucalyptus fastigata,2,2,2,2,1,1,1,2,2,16.0,28.0,3.0,32.0,900.0,1800.0,750.0,2200.0,1800.0,5.0,6.5,4.5,7.0,medium,"heavy, medium, light",high,moderate,210.0,365.0
TZA.14_1,Morogoro,Region,TZA,Tanzania,Eucalyptus globulus ssp. globulus,2,2,2,2,1,1,1,2,2,14.0,23.0,6.0,30.0,700.0,1500.0,500.0,1800.0,3100.0,5.5,6.5,5.0,7.5,medium,"heavy, medium, light",high,low,150.0,300.0
TZA.14_1,Morogoro,Region,TZA,Tanzania,Eucalyptus globulus ssp. maidenii,2,2,2,1,2,1,2,2,2,22.0,30.0,8.0,35.0,900.0,1500.0,700.0,2000.0,1000.0,5.5,6.5,4.5,7.5,"heavy, medium","heavy, medium, light",moderate,moderate,210.0,300.0
TZA.14_1,Morogoro,Region,TZA,Tanzania,Eucalyptus grandis,2,2,2,1,2,2,1,2,2,24.0,35.0,7.0,40.0,1000.0,2500.0,700.0,4000.0,2700.0,5.5,6.5,5.0,7.5,"medium, light","heavy, medium, light",high,low,150.0,365.0
TZA.14_1,Morogoro,Region,TZA,Tanzania,Eucalyptus jensenii,2,2,2,1,2,2,2,2,2,22.0,34.0,13.0,43.0,550.0,1300.0,400.0,1550.0,600.0,5.0,6.5,4.5,7.0,light,"medium, light",low,low,140.0,300.0
TZA.14_1,Morogoro,Region,TZA,Tanzania,Eucalyptus obliqua,2,2,1,2,2,1,2,2,2,18.0,30.0,4.0,34.0,700.0,2400.0,500.0,3000.0,3000.0,6.0,6.5,5.5,7.5,medium,"heavy, medium, light",moderate,low,210.0,365.0
TZA.14_1,Morogoro,Region,TZA,Tanzania,Eucalyptus oreades,2,2,2,2,1,1,1,2,2,17.0,25.0,8.0,35.0,1000.0,1500.0,850.0,1700.0,1150.0,5.5,6.5,5.0,7.0,medium,"medium, light",high,moderate,180.0,240.0
TZA.14_1,Morogoro,Region,TZA,Tanzania,Eucalyptus pellita,2,2,1,1,2,2,2,2,2,24.0,34.0,10.0,38.0,1100.0,2500.0,900.0,4000.0,1000.0,6.0,7.0,5.5,7.5,"medium, light","medium, light",moderate,low,210.0,300.0
TZA.14_1,Morogoro,Region,TZA,Tanzania,Eucalyptus planchoniana,2,2,2,2,1,2,2,2,2,18.0,28.0,8.0,36.0,1100.0,1500.0,1000.0,1650.0,1000.0,5.0,6.5,4.5,7.0,"heavy, medium, light","heavy, medium, light",moderate,low,180.0,240.0
TZA.14_1,Morogoro,Region,TZA,Tanzania,Eucalyptus propinqua,2,2,1,2,2,1,2,2,2,16.0,33.0,7.0,37.0,1000.0,1700.0,850.0,2000.0,1500.0,6.0,7.0,5.5,7.5,"heavy, medium","heavy, medium, light",moderate,moderate,210.0,240.0
TZA.14_1,Morogoro,Region,TZA,Tanzania,Eucalyptus saligna,2,2,2,2,2,1,1,2,2,15.0,32.0,4.0,36.0,900.0,1800.0,700.0,2200.0,2100.0,5.5,6.5,5.0,7.5,"heavy, medium","heavy, medium, light",high,moderate,180.0,365.0
TZA.14_1,Morogoro,Region,TZA,Tanzania,Eucalyptus sieberi,2,2,1,1,1,2,2,2,2,22.0,27.0,8.0,35.0,900.0,1400.0,700.0,1600.0,1100.0,6.0,6.5,5.5,7.5,light,"heavy, medium, light",moderate,low,180.0,300.0
TZA.14_1,Morogoro,Region,TZA,Tanzania,Eucalyptus tereticornis,2,2,1,2,2,2,1,2,2,18.0,38.0,4.0,42.0,800.0,1500.0,400.0,3500.0,1800.0,6.0,7.0,5.5,7.5,"medium, light","heavy, medium, light",high,moderate,150.0,240.0
TZA.14_1,Morogoro,Region,TZA,Tanzania,Eucalyptus umbra ssp. carnea,2,2,2,2,1,2,2,2,2,18.0,26.0,8.0,38.0,900.0,1500.0,750.0,1650.0,600.0,5.5,6.5,5.0,7.0,"medium, light","medium, light",moderate,low,180.0,240.0
TZA.14_1,Morogoro,Region,TZA,Tanzania,Eucalyptus viminalis,2,2,1,2,2,1,2,2,2,18.0,32.0,4.0,35.0,700.0,1500.0,500.0,2500.0,3000.0,6.0,7.0,5.5,8.0,medium,"heavy, medium, light",moderate,low,210.0,365.0
TZA.14_1,Morogoro,Region,TZA,Tanzania,Eugenia jambos,2,2,2,2,2,1,2,2,2,18.0,38.0,5.0,40.0,1200.0,1600.0,700.0,4000.0,1200.0,5.5,7.0,5.0,8.0,"medium, organic","heavy, medium, light",moderate,low,210.0,365.0
TZA.14_1,Morogoro,Region,TZA,Tanzania,Feijoa sellowiana,2,2,2,2,1,2,2,2,2,20.0,28.0,12.0,32.0,600.0,1500.0,300.0,2000.0,1500.0,5.5,7.0,5.0,8.3,"medium, light","heavy, medium, light, organic",moderate,moderate,120.0,270.0
TZA.14_1,Morogoro,Region,TZA,Tanzania,Ficus benghalensis,2,2,2,1,2,2,1,2,2,26.0,36.0,9.0,40.0,1000.0,2500.0,500.0,4000.0,1200.0,5.5,7.0,4.5,8.5,"medium, light","medium, light",high,moderate,180.0,365.0
TZA.14_1,Morogoro,Region,TZA,Tanzania,Ficus carica,2,2,1,2,1,1,2,2,2,16.0,26.0,4.0,38.0,700.0,1500.0,300.0,2700.0,1200.0,6.0,7.0,4.3,8.6,medium,"heavy, medium, light",moderate,low,120.0,300.0
TZA.14_1,Morogoro,Region,TZA,Tanzania,Garuga pinnata,2,1,1,1,2,1,2,2,2,30.0,42.0,7.0,47.0,1500.0,2000.0,1000.0,2500.0,1200.0,6.0,7.0,5.5,8.0,"heavy, medium","heavy, medium, light",moderate,moderate,210.0,330.0
TZA.14_1,Morogoro,Region,TZA,Tanzania,Geissois benthamiana,2,2,2,2,1,2,2,2,2,18.0,28.0,8.0,34.0,1200.0,1500.0,1000.0,1700.0,1000.0,5.0,6.0,4.5,6.5,"heavy, medium, light","heavy, medium, light",moderate,low,180.0,240.0
TZA.14_1,Morogoro,Region,TZA,Tanzania,Gleditsia triacanthos,2,2,2,1,2,2,1,2,2,26.0,38.0,6.0,40.0,700.0,1500.0,500.0,1800.0,2200.0,5.5,8.0,4.5,9.0,"heavy, medium, light","heavy, medium, light",high,moderate,180.0,300.0
TZA.14_1,Morogoro,Region,TZA,Tanzania,Gliricidia sepium,2,2,2,2,2,2,2,2,3,15.0,30.0,12.0,44.0,1200.0,2300.0,600.0,3500.0,1600.0,5.5,6.2,4.5,8.0,"medium, light","heavy, medium, light",moderate,low,180.0,240.0
TZA.14_1,Morogoro,Region,TZA,Tanzania,Glycine wightii,2,2,1,2,2,1,1,2,2,20.0,30.0,13.0,32.0,800.0,1800.0,550.0,4000.0,2450.0,6.5,7.0,5.7,7.5,"heavy, medium","heavy, medium, light",high,moderate,210.0,365.0
TZA.14_1,Morogoro,Region,TZA,Tanzania,Grevillea parallella,2,2,2,1,2,2,2,2,2,22.0,35.0,10.0,46.0,700.0,1400.0,500.0,1700.0,900.0,5.0,6.5,4.5,7.0,"medium, light","heavy, medium, light",moderate,low,180.0,300.0
TZA.14_1,Morogoro,Region,TZA,Tanzania,Grevillea robusta,2,2,2,2,1,2,1,2,2,15.0,28.0,8.0,34.0,750.0,1500.0,400.0,2500.0,3000.0,5.0,7.0,4.5,7.5,"medium, light","medium, light",high,low,150.0,300.0
TZA.14_1,Morogoro,Region,TZA,Tanzania,Guazuma ulmifolia,2,2,1,1,2,2,2,2,2,22.0,32.0,10.0,36.0,700.0,1500.0,500.0,1700.0,1200.0,6.0,7.0,5.5,7.5,"heavy, medium, light","heavy, medium, light",moderate,low,150.0,240.0
TZA.14_1,Morogoro,Region,TZA,Tanzania,Hibiscus cannabinus,2,2,1,2,1,1,1,2,2,15.0,28.0,10.0,35.0,600.0,2000.0,450.0,3000.0,1000.0,6.0,7.5,4.3,8.2,"medium, organic","heavy, medium, light",high,moderate,100.0,240.0
TZA.14_1,Morogoro,Region,TZA,Tanzania,Hibiscus sabdariffa var. altissima,2,1,1,2,1,2,1,2,2,16.0,28.0,12.0,36.0,1500.0,2000.0,500.0,3500.0,700.0,6.0,7.5,5.0,8.5,"medium, light","heavy, medium, light",high,moderate,90.0,240.0
TZA.14_1,Morogoro,Region,TZA,Tanzania,Ilex dipyrena,2,1,1,2,1,1,1,2,2,20.0,27.0,5.0,31.0,1500.0,2300.0,1000.0,2800.0,3350.0,4.5,5.5,4.0,6.4,medium,"heavy, medium, light",high,moderate,150.0,240.0
TZA.14_1,Morogoro,Region,TZA,Tanzania,Ilex paraguariensis,2,2,1,2,1,1,2,2,2,17.0,26.0,12.0,30.0,1200.0,2000.0,700.0,2500.0,1500.0,6.5,7.0,5.8,8.0,"medium, organic","heavy, medium, light",moderate,low,210.0,300.0
TZA.14_1,Morogoro,Region,TZA,Tanzania,Indigofera arrecta,2,1,2,1,2,2,2,2,2,22.0,30.0,16.0,36.0,1700.0,2200.0,400.0,4300.0,2700.0,5.0,6.0,4.5,6.5,"medium, light","heavy, medium, light, organic",moderate,low,90.0,365.0
TZA.14_1,Morogoro,Region,TZA,Tanzania,Inga feuillei,2,1,2,1,1,1,2,2,2,22.0,28.0,18.0,33.0,1500.0,2700.0,1000.0,3000.0,1800.0,5.0,6.5,4.0,8.0,"heavy, medium","heavy, medium, light",moderate,low,210.0,365.0
TZA.14_1,Morogoro,Region,TZA,Tanzania,Ischaemum timorense,2,2,1,1,1,2,2,2,2,22.0,28.0,10.0,35.0,800.0,2000.0,700.0,3000.0,2000.0,4.5,5.5,4.0,7.0,"medium, light","medium, light",moderate,low,180.0,240.0
TZA.14_1,Morogoro,Region,TZA,Tanzania,Justicia adhatoda,2,2,1,2,1,1,2,2,2,20.0,27.0,12.0,32.0,700.0,1700.0,500.0,4200.0,1300.0,6.5,7.5,5.5,7.8,medium,"heavy, medium, light",moderate,low,210.0,365.0
TZA.14_1,Morogoro,Region,TZA,Tanzania,Lablab purpureus,2,1,2,2,2,2,2,2,2,18.0,32.0,3.0,38.0,600.0,1000.0,200.0,2500.0,2100.0,5.0,7.5,4.5,8.0,"heavy, medium, light, organic","heavy, medium, light",moderate,low,70.0,300.0
TZA.14_1,Morogoro,Region,TZA,Tanzania,Lactuca indica,2,1,2,1,2,1,1,2,2,22.0,34.0,10.0,40.0,1500.0,2500.0,1000.0,3000.0,2000.0,5.0,6.0,4.5,6.5,"medium, organic","heavy, medium, light",high,moderate,60.0,365.0
TZA.14_1,Morogoro,Region,TZA,Tanzania,Lagerstroemia lanceolata,2,1,2,2,2,2,1,2,2,18.0,35.0,10.0,45.0,2000.0,4000.0,750.0,5000.0,1300.0,5.5,6.5,4.5,7.5,"medium, light","heavy, medium, light",high,moderate,180.0,270.0
TZA.14_1,Morogoro,Region,TZA,Tanzania,Lagerstroemia parviflora,2,1,2,2,2,1,2,2,2,20.0,35.0,4.0,47.0,1500.0,3500.0,750.0,4500.0,1000.0,5.5,6.5,4.5,7.5,medium,"heavy, medium, light",moderate,low,180.0,270.0
TZA.14_1,Morogoro,Region,TZA,Tanzania,Lannea coromandelica,2,2,2,1,2,2,2,2,2,32.0,40.0,8.0,47.0,1200.0,2000.0,600.0,3800.0,1200.0,5.0,6.5,4.5,8.0,"medium, light","heavy, medium, light",moderate,low,180.0,300.0
TZA.14_1,Morogoro,Region,TZA,Tanzania,Lavandula latifolia,2,1,1,2,1,2,2,2,2,18.0,26.0,14.0,32.0,900.0,1100.0,700.0,1300.0,1400.0,6.5,7.0,5.8,7.5,"medium, light","medium, light",moderate,moderate,210.0,365.0
TZA.14_1,Morogoro,Region,TZA,Tanzania,Lawsonia inermis,2,2,2,2,1,2,1,2,2,19.0,27.0,13.0,33.0,500.0,1500.0,250.0,4200.0,2000.0,5.0,7.0,4.3,8.0,"heavy, medium, light","heavy, medium, light",high,low,100.0,365.0
TZA.14_1,Morogoro,Region,TZA,Tanzania,Lens culinaris,2,1,2,2,1,1,2,2,2,15.0,29.0,5.0,32.0,600.0,1000.0,250.0,2500.0,3800.0,5.5,7.5,4.5,8.2,"heavy, medium","heavy, medium, light",moderate,low,70.0,240.0
TZA.14_1,Morogoro,Region,TZA,Tanzania,Lespedeza stipulacea,2,2,1,2,1,1,2,2,2,14.0,24.0,6.0,30.0,1000.0,1300.0,500.0,1700.0,1000.0,6.0,6.5,5.5,8.0,medium,"heavy, medium, light",moderate,low,100.0,240.0
TZA.14_1,Morogoro,Region,TZA,Tanzania,Lespedeza striata,2,1,2,2,1,2,2,2,2,16.0,26.0,6.0,36.0,900.0,1200.0,500.0,1600.0,1000.0,5.5,6.5,4.9,7.3,"heavy, medium, light","heavy, medium, light",moderate,low,120.0,300.0
TZA.14_1,Morogoro,Region,TZA,Tanzania,Leucaena diversifolia,2,2,2,2,2,1,2,2,2,18.0,30.0,8.0,36.0,700.0,1500.0,500.0,4000.0,1800.0,5.5,6.5,4.5,7.5,"heavy, medium","heavy, medium, light",moderate,low,180.0,365.0
TZA.14_1,Morogoro,Region,TZA,Tanzania,Leucaena leucocephala,2,2,1,2,2,1,2,2,2,20.0,32.0,10.0,42.0,600.0,3000.0,250.0,5000.0,2100.0,6.0,7.7,5.0,8.5,"heavy, medium","heavy, medium, light",moderate,low,180.0,365.0
TZA.14_1,Morogoro,Region,TZA,Tanzania,Leucaena pallida,2,2,1,2,1,2,1,2,2,16.0,24.0,12.0,30.0,700.0,1800.0,500.0,2000.0,2300.0,6.5,7.5,4.5,8.5,"medium, light","medium, light",high,moderate,180.0,240.0
TZA.14_1,Morogoro,Region,TZA,Tanzania,Litchi chinensis,2,2,2,2,2,1,2,2,2,20.0,35.0,15.0,40.0,1000.0,1700.0,700.0,2800.0,2000.0,5.5,6.5,5.0,8.5,"medium, organic","heavy, medium, light",moderate,low,100.0,270.0
TZA.14_1,Morogoro,Region,TZA,Tanzania,Lolium multiflorum,2,1,2,2,2,1,1,2,2,14.0,30.0,2.0,38.0,500.0,900.0,200.0,1800.0,2440.0,5.0,7.5,4.5,8.2,medium,"heavy, medium, light",high,moderate,90.0,270.0
TZA.14_1,Morogoro,Region,TZA,Tanzania,Lophostemon suaveolens,2,2,2,1,2,2,2,2,2,22.0,33.0,12.0,38.0,650.0,1800.0,500.0,2100.0,800.0,5.0,6.0,4.5,6.5,"heavy, medium, light","heavy, medium, light",low,low,180.0,300.0
TZA.14_1,Morogoro,Region,TZA,Tanzania,Lotus corniculatus,2,1,1,2,1,1,1,2,2,15.0,25.0,3.0,30.0,600.0,1000.0,350.0,1900.0,2400.0,6.0,7.0,4.5,8.2,"heavy, medium","heavy, medium, light",high,low,90.0,270.0
TZA.14_1,Morogoro,Region,TZA,Tanzania,Lupinus mutabilis,2,1,2,2,1,2,2,2,2,18.0,24.0,6.0,30.0,500.0,1000.0,350.0,1700.0,4000.0,5.0,6.5,4.5,7.0,"medium, light","heavy, medium, light",moderate,low,150.0,330.0
TZA.14_1,Morogoro,Region,TZA,Tanzania,Lycium chinense,2,2,2,2,1,2,2,2,2,13.0,25.0,8.0,32.0,700.0,1500.0,300.0,2200.0,2000.0,5.5,7.5,5.0,8.0,"heavy, medium, light","heavy, medium, light",moderate,low,60.0,365.0
TZA.14_1,Morogoro,Region,TZA,Tanzania,Macadamia tetraphylla,2,2,2,2,1,1,1,2,2,14.0,28.0,8.0,38.0,1250.0,2000.0,850.0,3000.0,2000.0,5.5,7.0,4.5,8.0,medium,"heavy, medium, light",high,moderate,180.0,365.0
TZA.14_1,Morogoro,Region,TZA,Tanzania,Macroptilium atropurpureum,2,2,1,1,2,2,2,2,2,21.0,32.0,13.0,36.0,650.0,1800.0,200.0,2800.0,2900.0,6.0,7.5,4.5,8.5,"heavy, medium, light","heavy, medium, light",moderate,low,90.0,365.0
TZA.14_1,Morogoro,Region,TZA,Tanzania,Macrotyloma axillare,2,2,1,2,1,2,2,2,2,20.0,28.0,11.0,36.0,750.0,1700.0,375.0,3000.0,2250.0,6.0,7.0,5.5,7.5,"medium, light","heavy, medium, light",moderate,moderate,140.0,365.0
TZA.14_1,Morogoro,Region,TZA,Tanzania,Mallotus philippensis,2,2,2,1,2,2,1,2,2,25.0,34.0,7.0,45.0,1000.0,2500.0,600.0,5000.0,1700.0,5.0,6.7,4.5,7.5,"medium, light","heavy, medium, light",high,low,180.0,365.0
TZA.14_1,Morogoro,Region,TZA,Tanzania,Malus domestica,2,2,1,2,1,2,1,2,2,14.0,27.0,8.0,33.0,700.0,2500.0,500.0,3200.0,1800.0,6.0,7.0,4.5,8.0,"medium, light","heavy, medium, light",high,moderate,180.0,320.0
TZA.14_1,Morogoro,Region,TZA,Tanzania,Malus sylvestris,2,1,1,2,2,2,2,2,2,10.0,30.0,6.0,35.0,900.0,1200.0,400.0,1800.0,2500.0,6.2,7.0,4.5,8.2,"medium, light","heavy, medium, light",moderate,moderate,180.0,320.0
TZA.14_1,Morogoro,Region,TZA,Tanzania,Mammea americana,2,2,1,1,2,1,1,2,2,24.0,30.0,12.0,35.0,1200.0,1800.0,800.0,2600.0,1000.0,6.0,6.5,5.5,8.0,medium,"heavy, medium, light",high,moderate,150.0,365.0
TZA.14_1,Morogoro,Region,TZA,Tanzania,Mangifera indica,2,2,2,1,2,2,2,2,2,24.0,30.0,8.0,48.0,600.0,1500.0,300.0,2600.0,1200.0,5.5,7.5,4.3,8.5,"medium, light","heavy, medium, light",moderate,low,150.0,365.0
TZA.14_1,Morogoro,Region,TZA,Tanzania,Manihot esculenta,2,2,2,2,1,2,2,2,2,20.0,29.0,10.0,35.0,1000.0,1500.0,500.0,5000.0,2000.0,5.5,8.0,4.0,9.0,"medium, light","heavy, medium, light, organic",moderate,low,180.0,365.0
TZA.14_1,Morogoro,Region,TZA,Tanzania,Manilkara achras,2,2,1,2,2,1,1,2,2,20.0,34.0,11.0,42.0,1000.0,1500.0,400.0,2000.0,2500.0,6.0,7.0,5.5,8.5,medium,"heavy, medium, light",high,moderate,180.0,365.0
TZA.14_1,Morogoro,Region,TZA,Tanzania,Melaleuca quinquenervia,2,2,2,2,2,1,2,2,2,18.0,30.0,8.0,38.0,1000.0,3400.0,700.0,5000.0,1400.0,5.0,6.5,4.5,7.0,"heavy, medium","heavy, medium, light, wide, organic",moderate,low,210.0,365.0
TZA.14_1,Morogoro,Region,TZA,Tanzania,Melaleuca viridiflora,2,2,2,1,2,2,2,2,2,22.0,38.0,12.0,43.0,400.0,1600.0,200.0,1800.0,1000.0,5.0,7.5,4.5,8.0,"heavy, medium, light, organic","heavy, medium, light",low,low,75.0,300.0
TZA.14_1,Morogoro,Region,TZA,Tanzania,Melia azedarach,2,1,1,2,2,2,1,2,2,16.0,30.0,8.0,35.0,600.0,1000.0,350.0,2000.0,2000.0,6.0,7.0,5.5,7.5,"medium, light","heavy, medium, light",high,low,210.0,270.0
TZA.14_1,Morogoro,Region,TZA,Tanzania,Mentha arvensis var. piperascens,2,1,2,2,1,1,1,2,2,10.0,25.0,3.0,30.0,800.0,1100.0,500.0,4300.0,1500.0,5.5,6.4,4.5,8.3,medium,"heavy, medium, light",high,moderate,120.0,365.0
TZA.14_1,Morogoro,Region,TZA,Tanzania,Mentha piperita,2,2,2,2,1,1,1,2,2,15.0,25.0,4.0,35.0,1000.0,2200.0,700.0,4000.0,1000.0,5.5,6.5,4.5,8.3,"medium, organic","heavy, medium, light",high,moderate,40.0,330.0
TZA.14_1,Morogoro,Region,TZA,Tanzania,Mentha spicata var. crispa,2,1,2,2,1,1,1,2,2,15.0,25.0,4.0,36.0,900.0,1200.0,600.0,2200.0,1000.0,5.5,6.5,4.5,8.3,medium,"heavy, medium, light",high,moderate,40.0,270.0
TZA.14_1,Morogoro,Region,TZA,Tanzania,Moringa oleifera,2,2,2,2,2,2,2,2,3,20.0,35.0,7.0,48.0,700.0,2200.0,400.0,2600.0,1000.0,5.5,7.0,5.0,8.5,"medium, light","heavy, medium, light",moderate,low,210.0,330.0
TZA.14_1,Morogoro,Region,TZA,Tanzania,Morus alba,2,2,2,2,1,1,1,2,2,20.0,28.0,13.0,45.0,700.0,2500.0,300.0,5100.0,3300.0,5.5,7.5,4.3,8.3,medium,"heavy, medium, light",high,moderate,180.0,330.0
TZA.14_1,Morogoro,Region,TZA,Tanzania,Morus nigra,2,2,2,2,1,1,1,2,2,15.0,25.0,10.0,38.0,700.0,1500.0,300.0,4000.0,3000.0,5.5,7.0,4.3,8.3,medium,"heavy, medium, light",high,moderate,180.0,330.0
TZA.14_1,Morogoro,Region,TZA,Tanzania,Mucuna pruriens,2,2,2,2,2,2,2,2,3,20.0,30.0,10.0,34.0,1000.0,2000.0,400.0,3100.0,2100.0,5.0,7.0,4.0,8.0,"medium, light","heavy, medium, light",moderate,low,90.0,270.0
TZA.14_1,Morogoro,Region,TZA,Tanzania,Muntingia calabura,2,1,2,1,2,2,2,2,2,22.0,32.0,10.0,36.0,1400.0,2000.0,1000.0,2400.0,1000.0,5.5,6.5,5.0,7.0,light,"heavy, medium, light",moderate,low,180.0,365.0
TZA.14_1,Morogoro,Region,TZA,Tanzania,Musa acuminata,2,2,2,1,2,1,1,2,2,23.0,33.0,12.0,42.0,1200.0,3600.0,650.0,5000.0,2400.0,5.5,7.5,4.0,8.4,"medium, organic","heavy, medium, light",high,moderate,180.0,365.0
TZA.14_1,Morogoro,Region,TZA,Tanzania,Musa acuminata x balbisiana,2,1,2,1,2,2,1,2,2,25.0,35.0,15.0,40.0,1400.0,2400.0,1000.0,5000.0,2400.0,5.5,6.5,4.5,8.0,"medium, light","heavy, medium, light",high,moderate,180.0,365.0
TZA.14_1,Morogoro,Region,TZA,Tanzania,Musa halabanensis,2,2,2,1,2,1,1,2,2,24.0,30.0,15.0,35.0,1200.0,3000.0,700.0,4000.0,1800.0,5.5,7.0,4.5,7.5,"medium, organic","heavy, medium, light",high,moderate,180.0,365.0
TZA.14_1,Morogoro,Region,TZA,Tanzania,Myrciaria cauliflora,2,2,2,1,1,2,1,2,2,22.0,28.0,10.0,32.0,900.0,1500.0,700.0,1700.0,1800.0,5.5,7.5,4.5,8.0,"medium, light","medium, light",high,moderate,150.0,300.0
TZA.14_1,Morogoro,Region,TZA,Tanzania,Ocimum tenuiflorum,2,2,1,2,1,1,1,2,2,20.0,28.0,15.0,35.0,1000.0,3000.0,700.0,7600.0,1000.0,6.0,7.5,5.0,9.0,"medium, organic","heavy, medium, light, wide, organic",high,low,40.0,300.0
TZA.14_1,Morogoro,Region,TZA,Tanzania,Parthenium argentatum,2,1,1,2,2,2,2,2,2,20.0,34.0,8.0,49.0,400.0,800.0,250.0,2100.0,2100.0,6.0,8.0,5.5,8.5,light,"medium, light",low,low,90.0,240.0
TZA.14_1,Morogoro,Region,TZA,Tanzania,Paspalum notatum,2,2,2,2,2,2,1,2,2,18.0,30.0,5.0,36.0,900.0,2100.0,750.0,2500.0,2000.0,5.0,6.2,4.3,8.3,light,"heavy, medium, light",high,low,150.0,270.0
TZA.14_1,Morogoro,Region,TZA,Tanzania,Paspalum plicatulum,2,2,1,2,1,2,2,2,2,10.0,23.0,7.0,45.0,1000.0,2500.0,750.0,3500.0,1500.0,4.5,5.5,4.0,7.0,"medium, light","heavy, medium, light",moderate,low,180.0,240.0
TZA.14_1,Morogoro,Region,TZA,Tanzania,Paspalum urvillei,2,2,2,2,1,1,2,2,2,6.0,23.0,2.0,33.0,1000.0,1500.0,900.0,2100.0,1000.0,5.5,6.5,5.0,7.2,"heavy, medium","heavy, medium, light",moderate,low,120.0,270.0
TZA.14_1,Morogoro,Region,TZA,Tanzania,Passiflora edulis var. edulis,2,2,2,1,1,2,2,2,2,23.0,28.0,15.0,32.0,1000.0,1500.0,750.0,3000.0,2000.0,5.5,7.5,5.0,8.0,"heavy, medium, light","heavy, medium, light",moderate,low,120.0,330.0
TZA.14_1,Morogoro,Region,TZA,Tanzania,Passiflora edulis var. flavicarpa,2,1,2,1,2,2,2,2,2,25.0,32.0,15.0,36.0,1600.0,2000.0,1000.0,4000.0,2000.0,5.5,7.5,5.0,8.0,"heavy, medium, light","heavy, medium, light",moderate,low,180.0,365.0
TZA.14_1,Morogoro,Region,TZA,Tanzania,Passiflora ligularis,2,1,1,1,1,2,2,2,2,22.0,26.0,16.0,31.0,1000.0,1200.0,650.0,1800.0,3000.0,6.0,7.0,5.1,7.5,"heavy, medium, light","heavy, medium, light",moderate,low,150.0,365.0
TZA.14_1,Morogoro,Region,TZA,Tanzania,Passiflora mollissima,2,1,1,2,1,2,1,2,2,15.0,18.0,8.0,30.0,1300.0,1700.0,700.0,2300.0,3400.0,6.0,7.0,4.3,8.0,"medium, light","heavy, medium, light",high,moderate,180.0,365.0
TZA.14_1,Morogoro,Region,TZA,Tanzania,Passiflora quadrangularis,2,1,1,2,2,2,2,2,2,18.0,30.0,12.0,35.0,1400.0,1600.0,700.0,2200.0,1000.0,6.5,7.5,4.3,8.0,"medium, light","heavy, medium, light, organic",moderate,low,180.0,365.0
TZA.14_1,Morogoro,Region,TZA,Tanzania,Paulownia tomentosa,2,2,2,1,2,2,2,2,2,24.0,30.0,15.0,34.0,700.0,1600.0,500.0,2000.0,1800.0,5.5,7.0,4.5,8.0,"medium, light","medium, light",moderate,low,210.0,300.0
TZA.14_1,Morogoro,Region,TZA,Tanzania,Peltophorum pterocarpum,2,2,2,1,2,2,2,2,2,27.0,36.0,10.0,40.0,1200.0,1800.0,1000.0,4000.0,1600.0,5.0,6.5,4.3,7.3,"medium, light","medium, light",low,low,180.0,240.0
TZA.14_1,Morogoro,Region,TZA,Tanzania,Pennisetum clandestinum,2,2,1,2,1,1,1,2,2,16.0,26.0,5.0,31.0,900.0,1600.0,700.0,3000.0,3500.0,5.0,5.5,4.5,7.0,"heavy, medium","heavy, medium, light",high,moderate,180.0,270.0
TZA.14_1,Morogoro,Region,TZA,Tanzania,Persoonia falcata,2,2,2,1,2,2,2,2,2,22.0,38.0,12.0,41.0,600.0,1400.0,450.0,1750.0,900.0,5.0,6.0,4.5,6.5,"medium, light","medium, light",low,low,160.0,300.0
TZA.14_1,Morogoro,Region,TZA,Tanzania,Phalaris arundinacea,2,2,1,2,1,2,1,2,2,17.0,25.0,2.0,38.0,700.0,1500.0,300.0,2600.0,2000.0,6.0,7.0,4.5,8.2,"heavy, medium, light","heavy, medium, light",high,moderate,120.0,240.0
TZA.14_1,Morogoro,Region,TZA,Tanzania,Phaseolus coccineus,2,2,2,2,1,1,1,2,2,12.0,26.0,5.0,30.0,800.0,1500.0,400.0,2600.0,2800.0,5.5,7.0,5.0,8.2,medium,"heavy, medium, light",high,low,80.0,365.0
TZA.14_1,Morogoro,Region,TZA,Tanzania,Phaseolus lunatus,2,2,2,2,1,1,2,2,2,16.0,28.0,13.0,34.0,900.0,1500.0,400.0,4300.0,2800.0,5.5,7.0,4.5,8.4,medium,"medium, light",moderate,low,60.0,365.0
TZA.14_1,Morogoro,Region,TZA,Tanzania,Phaseolus vulgaris,2,2,2,2,1,1,2,2,2,16.0,25.0,7.0,32.0,500.0,2000.0,300.0,4300.0,3000.0,5.5,7.5,4.0,9.0,"medium, organic","heavy, medium, light",moderate,low,50.0,270.0
TZA.14_1,Morogoro,Region,TZA,Tanzania,Phormium tenax,2,2,2,2,1,2,1,2,2,13.0,25.0,9.0,30.0,750.0,2000.0,500.0,3800.0,1300.0,5.5,7.0,4.5,8.3,"heavy, medium, light","heavy, medium, light",high,low,180.0,365.0
TZA.14_1,Morogoro,Region,TZA,Tanzania,Pinus caribaea ssp. hondurensis,2,2,2,1,2,2,2,2,2,27.0,34.0,15.0,37.0,1000.0,2400.0,660.0,4000.0,1000.0,5.5,6.5,4.5,7.5,"medium, light","medium, light",moderate,moderate,180.0,365.0
TZA.14_1,Morogoro,Region,TZA,Tanzania,Pinus douglasiana,2,2,1,2,1,2,1,2,2,15.0,25.0,8.0,32.0,1000.0,1400.0,900.0,1500.0,2400.0,6.0,6.5,5.5,7.0,"medium, light","medium, light",high,moderate,180.0,240.0
TZA.14_1,Morogoro,Region,TZA,Tanzania,Pinus kesiya,2,2,1,1,2,1,2,2,2,22.0,30.0,12.0,34.0,900.0,2000.0,700.0,2500.0,3100.0,4.5,5.5,3.5,6.5,"heavy, medium","heavy, medium, light",moderate,low,180.0,300.0
TZA.14_1,Morogoro,Region,TZA,Tanzania,Pinus merkusii,2,1,1,1,2,2,2,2,2,24.0,32.0,18.0,36.0,1300.0,2500.0,1000.0,2800.0,900.0,4.5,5.5,4.0,6.5,"heavy, medium, light","heavy, medium, light",low,low,210.0,300.0
TZA.14_1,Morogoro,Region,TZA,Tanzania,Pithecellobium dulce,2,1,2,2,2,2,2,2,2,20.0,30.0,12.0,40.0,2000.0,3000.0,450.0,4000.0,1800.0,5.5,6.5,4.5,7.5,"heavy, medium, light","heavy, medium, light",moderate,low,120.0,240.0
TZA.14_1,Morogoro,Region,TZA,Tanzania,Poa annua,2,1,2,2,1,2,1,2,2,12.0,22.0,2.0,33.0,600.0,1200.0,300.0,4300.0,3000.0,5.5,6.5,4.5,8.3,"heavy, medium, light","heavy, medium, light",high,moderate,21.0,240.0
TZA.14_1,Morogoro,Region,TZA,Tanzania,Poa pratensis,2,2,2,2,1,2,1,2,2,15.0,27.0,5.0,37.0,500.0,1300.0,300.0,1700.0,3000.0,5.5,7.0,4.5,8.3,"heavy, medium, light","heavy, medium, light",high,moderate,120.0,270.0
TZA.14_1,Morogoro,Region,TZA,Tanzania,Podocarpus elatus,2,2,2,2,2,2,2,2,3,18.0,30.0,8.0,34.0,1000.0,1500.0,800.0,1700.0,1000.0,5.5,6.5,4.5,7.5,"heavy, medium, light","heavy, medium, light",moderate,low,180.0,240.0
TZA.14_1,Morogoro,Region,TZA,Tanzania,Pouteria campechiana,2,2,1,2,1,2,2,2,2,20.0,26.0,16.0,30.0,1200.0,2000.0,650.0,2700.0,1400.0,6.0,7.5,5.5,8.0,"heavy, medium, light","heavy, medium, light",moderate,low,180.0,365.0
TZA.14_1,Morogoro,Region,TZA,Tanzania,Prunus armeniaca,2,2,1,2,2,1,2,2,2,14.0,35.0,7.0,40.0,900.0,1300.0,800.0,1470.0,2000.0,6.5,7.0,5.0,8.0,medium,"heavy, medium, light",moderate,moderate,180.0,240.0
TZA.14_1,Morogoro,Region,TZA,Tanzania,Prunus cerasus,2,2,1,2,1,1,2,2,2,15.0,25.0,4.0,30.0,800.0,1600.0,500.0,2700.0,800.0,6.0,6.5,4.5,7.5,medium,"heavy, medium, light",moderate,low,180.0,240.0
TZA.14_1,Morogoro,Region,TZA,Tanzania,Psidium guajava,2,2,2,2,2,1,1,2,2,20.0,33.0,10.0,45.0,1000.0,3000.0,400.0,5000.0,2000.0,5.5,7.5,4.0,8.5,"medium, organic","heavy, medium, light",high,low,150.0,365.0
TZA.14_1,Morogoro,Region,TZA,Tanzania,Psophocarpus tetragonolobus,2,2,2,2,2,1,2,2,2,18.0,30.0,14.0,40.0,1000.0,2500.0,500.0,4100.0,2000.0,5.5,7.0,4.3,8.5,"medium, organic","heavy, medium, light",moderate,low,50.0,270.0
TZA.14_1,Morogoro,Region,TZA,Tanzania,Punica granatum,2,1,1,1,2,1,1,2,2,23.0,32.0,8.0,40.0,900.0,1200.0,400.0,4200.0,1600.0,6.5,7.5,5.8,8.5,"heavy, medium","heavy, medium, light",high,low,180.0,365.0
TZA.14_1,Morogoro,Region,TZA,Tanzania,Pyrus communis,2,1,2,2,2,1,2,2,2,20.0,35.0,10.0,37.0,600.0,900.0,400.0,2100.0,2000.0,5.5,6.5,4.5,8.3,"heavy, medium","heavy, medium, light",moderate,moderate,180.0,270.0
TZA.14_1,Morogoro,Region,TZA,Tanzania,Quercus alba,2,2,2,2,1,1,2,2,2,12.0,28.0,7.0,32.0,900.0,1300.0,750.0,2000.0,1800.0,5.5,7.0,5.0,8.0,medium,"heavy, medium, light, wide",moderate,low,150.0,270.0
TZA.14_1,Morogoro,Region,TZA,Tanzania,Quercus dilatata,2,1,2,2,1,2,1,2,2,15.0,25.0,2.0,32.0,1500.0,2000.0,1100.0,2400.0,3000.0,5.0,6.0,4.5,7.0,"heavy, medium, light","heavy, medium, light",high,moderate,150.0,240.0
TZA.14_1,Morogoro,Region,TZA,Tanzania,Quercus incana,2,1,2,2,1,2,1,2,2,15.0,25.0,2.0,38.0,1500.0,2500.0,1000.0,3000.0,2700.0,5.0,6.0,4.5,7.0,"medium, light","heavy, medium, light, wide",high,low,160.0,240.0
TZA.14_1,Morogoro,Region,TZA,Tanzania,Rheum rhaponticum,2,2,1,2,1,1,1,2,2,15.0,24.0,5.0,30.0,800.0,1300.0,400.0,2000.0,2000.0,6.0,7.0,5.3,7.8,"medium, organic","heavy, medium, light",high,moderate,60.0,330.0
TZA.14_1,Morogoro,Region,TZA,Tanzania,Robinia pseudoacacia,2,1,2,2,2,2,2,2,2,15.0,32.0,6.0,40.0,450.0,700.0,300.0,1600.0,3300.0,5.5,6.5,4.5,8.2,"medium, light","heavy, medium, light",moderate,low,120.0,240.0
TZA.14_1,Morogoro,Region,TZA,Tanzania,Rosmarinus officinalis,2,2,1,2,2,2,2,2,2,18.0,30.0,8.0,38.0,600.0,1400.0,300.0,2700.0,1500.0,6.0,7.5,4.5,8.7,"medium, light","heavy, medium, light",moderate,moderate,120.0,270.0
TZA.14_1,Morogoro,Region,TZA,Tanzania,Saccharum edule,2,1,2,2,2,2,1,2,2,20.0,30.0,12.0,38.0,1500.0,3000.0,1000.0,5000.0,2000.0,5.0,6.0,4.5,6.5,"heavy, medium, light","heavy, medium, light",high,moderate,150.0,365.0
TZA.14_1,Morogoro,Region,TZA,Tanzania,Samanea saman,2,2,2,2,2,2,2,2,3,20.0,35.0,15.0,40.0,800.0,3000.0,500.0,3500.0,1300.0,5.5,6.5,4.5,7.5,"heavy, medium, light","heavy, medium, light",moderate,low,210.0,300.0
TZA.14_1,Morogoro,Region,TZA,Tanzania,Santalum album,2,2,1,1,2,2,1,2,2,22.0,30.0,10.0,38.0,800.0,1400.0,450.0,3000.0,2500.0,6.0,7.0,5.0,9.0,"medium, light","heavy, medium, light",high,low,150.0,365.0
TZA.14_1,Morogoro,Region,TZA,Tanzania,Schizomeria ovata,2,1,2,2,1,2,2,2,2,16.0,28.0,5.0,34.0,1300.0,1700.0,1000.0,2000.0,1000.0,5.0,6.5,4.5,7.0,"heavy, medium, light","heavy, medium, light",moderate,low,180.0,330.0
TZA.14_1,Morogoro,Region,TZA,Tanzania,Sclerocarya caffra,2,1,2,1,2,2,2,2,2,25.0,30.0,20.0,35.0,700.0,1200.0,400.0,2000.0,1600.0,5.5,6.5,5.0,7.5,"heavy, medium, light","heavy, medium, light",low,low,180.0,365.0
TZA.14_1,Morogoro,Region,TZA,Tanzania,Secale cereale,2,1,2,2,1,2,2,2,2,15.0,20.0,3.0,31.0,600.0,1000.0,400.0,2000.0,4300.0,5.5,6.0,4.5,8.2,"heavy, medium, light","heavy, medium, light",moderate,low,110.0,270.0
TZA.14_1,Morogoro,Region,TZA,Tanzania,Sesbania sesban,2,2,2,2,1,2,2,2,2,18.0,28.0,10.0,45.0,800.0,2000.0,350.0,2500.0,2300.0,5.0,7.0,4.0,9.9,"heavy, medium, light","heavy, medium, light",moderate,low,120.0,365.0
TZA.14_1,Morogoro,Region,TZA,Tanzania,Shorea robusta,2,1,2,1,2,2,1,2,2,28.0,34.0,7.0,47.0,1500.0,3500.0,1000.0,7300.0,2000.0,5.0,6.7,4.5,7.5,"medium, light","heavy, medium, light",high,low,180.0,300.0
TZA.14_1,Morogoro,Region,TZA,Tanzania,Shorea talura,2,2,2,1,2,1,1,2,2,27.0,35.0,12.0,45.0,1000.0,1500.0,770.0,2000.0,1000.0,5.5,6.0,4.9,7.2,medium,"heavy, medium, light",high,moderate,210.0,300.0
TZA.14_1,Morogoro,Region,TZA,Tanzania,Simmondsia chinensis,2,1,1,1,2,2,2,2,2,21.0,36.0,10.0,50.0,250.0,800.0,100.0,2000.0,1500.0,6.5,7.5,5.0,8.2,"medium, light","heavy, medium, light",moderate,low,120.0,270.0
TZA.14_1,Morogoro,Region,TZA,Tanzania,Solanum ferox,2,2,2,1,2,2,1,2,2,24.0,30.0,10.0,35.0,1200.0,2000.0,800.0,4200.0,1500.0,5.5,7.0,4.5,7.5,"heavy, medium, light","heavy, medium, light",high,moderate,150.0,365.0
TZA.14_1,Morogoro,Region,TZA,Tanzania,Solanum quitoense,2,1,1,2,1,2,1,2,2,15.0,25.0,10.0,30.0,1500.0,3000.0,700.0,3750.0,2500.0,6.5,7.0,5.8,8.0,"heavy, medium, light, organic","heavy, medium, light",high,moderate,180.0,365.0
TZA.14_1,Morogoro,Region,TZA,Tanzania,Solanum torvum,2,2,2,2,1,2,2,2,2,17.0,29.0,12.0,35.0,1000.0,2000.0,700.0,4200.0,1600.0,5.0,6.0,4.3,6.8,"heavy, medium, light","heavy, medium, light",moderate,low,150.0,365.0
TZA.14_1,Morogoro,Region,TZA,Tanzania,Sorghum bicolor var. sweet,2,1,1,1,2,1,2,2,2,27.0,35.0,8.0,40.0,500.0,1000.0,300.0,3000.0,2500.0,6.0,7.0,5.0,8.5,"heavy, medium","heavy, medium, light",moderate,low,90.0,300.0
TZA.14_1,Morogoro,Region,TZA,Tanzania,Sphenostylis stenocarpa,2,1,2,1,1,2,1,2,2,23.0,29.0,15.0,35.0,1000.0,1200.0,800.0,1400.0,2000.0,5.5,6.0,4.5,7.0,light,"medium, light",high,moderate,150.0,240.0
TZA.14_1,Morogoro,Region,TZA,Tanzania,Spondias cytherea,2,2,2,1,1,2,1,2,2,22.0,27.0,12.0,35.0,900.0,1800.0,600.0,2200.0,1000.0,5.5,6.5,4.5,8.0,"medium, light","heavy, medium, light",high,moderate,120.0,300.0
TZA.14_1,Morogoro,Region,TZA,Tanzania,Spondias purpurea,2,1,1,1,1,1,1,2,2,22.0,28.0,13.0,35.0,800.0,1100.0,600.0,1800.0,2000.0,6.0,7.0,5.5,8.0,medium,"heavy, medium, light",high,low,120.0,365.0
TZA.14_1,Morogoro,Region,TZA,Tanzania,Stephegyne parvifolia,2,1,2,2,2,2,2,2,2,20.0,35.0,5.0,47.0,1500.0,2500.0,900.0,3300.0,1300.0,5.5,6.5,4.5,7.5,"medium, light","heavy, medium, light",moderate,moderate,210.0,270.0
TZA.14_1,Morogoro,Region,TZA,Tanzania,Stevia rebaudiana,2,2,2,2,2,2,2,2,3,18.0,30.0,15.0,43.0,1000.0,1400.0,500.0,1800.0,1500.0,5.0,6.5,4.0,7.5,light,"medium, light",moderate,low,55.0,270.0
TZA.14_1,Morogoro,Region,TZA,Tanzania,Stylosanthes fruticosa,2,1,1,1,2,2,2,2,2,25.0,30.0,5.0,35.0,400.0,800.0,280.0,2500.0,2000.0,6.5,7.5,4.0,8.0,light,"heavy, medium, light",moderate,low,50.0,365.0
TZA.14_1,Morogoro,Region,TZA,Tanzania,Stylosanthes macrocephala,2,2,1,1,2,2,2,2,2,22.0,30.0,15.0,35.0,1000.0,2500.0,500.0,3000.0,1500.0,4.5,5.5,4.0,6.0,"medium, light","heavy, medium, light",low,low,180.0,270.0
TZA.14_1,Morogoro,Region,TZA,Tanzania,Stylosanthes viscosa,2,2,2,1,2,2,2,2,2,22.0,30.0,16.0,36.0,1000.0,1750.0,230.0,3200.0,2000.0,4.5,6.5,4.0,7.5,"medium, light","heavy, medium, light, wide",moderate,low,90.0,240.0
TZA.14_1,Morogoro,Region,TZA,Tanzania,Syncarpia glomulifera,2,1,2,2,1,1,1,2,2,18.0,28.0,8.0,36.0,1300.0,1700.0,1000.0,2000.0,900.0,5.5,6.5,5.0,7.0,medium,"heavy, medium, light",high,moderate,180.0,240.0
TZA.14_1,Morogoro,Region,TZA,Tanzania,Syncarpia hillii,2,2,2,2,2,2,2,2,3,20.0,30.0,10.0,35.0,1100.0,1700.0,800.0,2000.0,700.0,5.0,6.0,4.5,6.5,light,"heavy, medium, light",moderate,low,210.0,240.0
TZA.14_1,Morogoro,Region,TZA,Tanzania,Syzygium cumini,2,1,2,2,2,2,1,2,2,20.0,32.0,12.0,48.0,1500.0,6000.0,800.0,9900.0,2000.0,5.5,7.0,4.5,8.0,"medium, light","heavy, medium, light, organic",high,low,150.0,365.0
TZA.14_1,Morogoro,Region,TZA,Tanzania,Syzygium malaccense,2,2,2,1,1,2,1,2,2,22.0,28.0,16.0,33.0,1200.0,1600.0,1000.0,2200.0,700.0,5.5,6.5,5.0,8.0,"heavy, medium, light","heavy, medium, light",high,moderate,120.0,365.0
TZA.14_1,Morogoro,Region,TZA,Tanzania,Tephrosia candida,2,1,2,2,2,2,2,2,2,20.0,30.0,14.0,34.0,1400.0,1800.0,700.0,2700.0,1650.0,4.5,6.5,3.5,7.5,light,"medium, light",low,low,180.0,365.0
TZA.14_1,Morogoro,Region,TZA,Tanzania,Tephrosia vogelii,2,1,2,2,1,2,1,2,2,20.0,28.0,10.0,32.0,1300.0,1500.0,870.0,2700.0,2100.0,5.0,6.5,4.5,7.0,light,"medium, light",high,low,180.0,365.0
TZA.14_1,Morogoro,Region,TZA,Tanzania,Terminalia bellirica,2,1,2,2,2,2,2,2,2,20.0,33.0,5.0,45.0,1500.0,2500.0,1000.0,3500.0,600.0,5.5,6.5,5.0,7.5,"heavy, medium, light, wide","heavy, medium, light, wide",moderate,moderate,180.0,240.0
TZA.14_1,Morogoro,Region,TZA,Tanzania,Terminalia chebula,2,2,2,1,2,2,2,2,2,22.0,35.0,5.0,47.0,1000.0,1700.0,750.0,3300.0,2000.0,5.5,6.5,5.0,7.5,"heavy, medium, light","heavy, medium, light",moderate,low,150.0,240.0
TZA.14_1,Morogoro,Region,TZA,Tanzania,Terminalia sericocarpa,2,2,2,1,2,2,2,2,2,22.0,38.0,12.0,45.0,850.0,1900.0,600.0,2100.0,750.0,5.5,6.5,4.5,7.0,light,"medium, light",low,low,210.0,330.0
TZA.14_1,Morogoro,Region,TZA,Tanzania,Theobroma cacao,2,2,2,1,2,1,2,2,2,21.0,32.0,10.0,38.0,1200.0,3000.0,900.0,7600.0,900.0,5.0,6.5,4.0,8.0,"heavy, organic","heavy, medium, light",moderate,moderate,180.0,365.0
TZA.14_1,Morogoro,Region,TZA,Tanzania,Toona australis,2,2,2,2,1,2,1,2,2,18.0,28.0,8.0,36.0,1200.0,3000.0,800.0,3800.0,1300.0,5.5,6.5,4.5,7.0,"medium, light","medium, light",high,moderate,180.0,300.0
TZA.14_1,Morogoro,Region,TZA,Tanzania,Toona ciliata,2,2,2,2,2,2,1,2,2,18.0,34.0,8.0,48.0,1100.0,3000.0,750.0,4500.0,1500.0,5.5,6.5,4.5,7.5,"medium, light","heavy, medium, light, wide, organic",high,moderate,180.0,300.0
TZA.14_1,Morogoro,Region,TZA,Tanzania,Trema orientalis,2,1,2,2,1,2,1,2,2,15.0,27.0,8.0,34.0,1500.0,3000.0,1000.0,4000.0,2500.0,5.5,6.5,4.5,7.5,"heavy, medium, light, wide, organic","heavy, medium, light, wide, organic",high,low,180.0,300.0
TZA.14_1,Morogoro,Region,TZA,Tanzania,Trifolium pratense,2,1,1,2,1,1,1,2,2,18.0,25.0,4.0,40.0,700.0,1200.0,300.0,2100.0,3000.0,6.0,7.5,4.5,8.2,"medium, organic","heavy, medium, light",high,moderate,120.0,300.0
TZA.14_1,Morogoro,Region,TZA,Tanzania,Trifolium semipilosum,2,2,2,2,1,2,1,2,2,16.0,27.0,5.0,32.0,600.0,1500.0,300.0,2000.0,3200.0,5.0,6.5,4.0,8.0,"heavy, medium, light","heavy, medium, light",high,moderate,120.0,240.0
TZA.14_1,Morogoro,Region,TZA,Tanzania,Trifolium subterraneum,2,1,2,2,1,2,2,2,2,15.0,25.0,3.0,30.0,500.0,1000.0,250.0,1630.0,1300.0,5.5,6.5,4.5,8.2,light,"heavy, medium, light",moderate,low,100.0,240.0
TZA.14_1,Morogoro,Region,TZA,Tanzania,Tripsacum dactyloides,2,2,1,2,1,2,1,2,2,10.0,24.0,7.0,30.0,800.0,1300.0,600.0,1500.0,2100.0,6.0,7.0,5.5,7.5,"heavy, medium, light, wide","heavy, medium, light, wide",high,moderate,140.0,300.0
TZA.14_1,Morogoro,Region,TZA,Tanzania,Uapaca kirkiana,2,2,2,2,1,2,2,2,2,18.0,24.0,12.0,32.0,700.0,1500.0,500.0,2000.0,2000.0,4.5,6.0,4.0,6.5,light,"medium, light",low,low,180.0,330.0
TZA.14_1,Morogoro,Region,TZA,Tanzania,Vetiveria zizanioides,2,2,2,1,2,2,2,2,2,22.0,35.0,12.0,45.0,500.0,2500.0,200.0,5000.0,2500.0,4.5,8.0,3.0,9.9,"medium, light","heavy, medium, light, organic",moderate,low,150.0,365.0
TZA.14_1,Morogoro,Region,TZA,Tanzania,Vicia benghalensis,2,1,1,2,1,1,2,2,2,18.0,24.0,8.0,30.0,700.0,900.0,310.0,1660.0,2800.0,6.5,7.0,4.5,8.2,"heavy, medium","heavy, medium, light",moderate,low,120.0,270.0
TZA.14_1,Morogoro,Region,TZA,Tanzania,Vigna unguiculata,2,2,2,1,2,2,2,2,2,25.0,35.0,15.0,40.0,500.0,1500.0,300.0,4100.0,2000.0,5.5,7.5,4.0,8.8,"medium, light","heavy, medium, light, wide",moderate,low,30.0,240.0
TZA.14_1,Morogoro,Region,TZA,Tanzania,Vigna unguiculata ssp. unguiculata,2,2,2,2,2,1,2,2,2,20.0,35.0,10.0,40.0,600.0,1500.0,400.0,4100.0,1500.0,5.5,7.5,4.3,8.8,medium,"heavy, medium, light",moderate,low,60.0,240.0
TZA.14_1,Morogoro,Region,TZA,Tanzania,Vigna vexillata,2,1,2,2,1,2,2,2,2,20.0,28.0,15.0,32.0,1300.0,2100.0,650.0,4200.0,1500.0,5.5,6.5,4.5,8.0,light,"medium, light",low,low,180.0,270.0
TZA.14_1,Morogoro,Region,TZA,Tanzania,Vitis labrusca,2,1,1,2,1,1,2,2,2,15.0,25.0,6.0,35.0,900.0,1100.0,700.0,1500.0,1000.0,6.0,6.5,4.9,7.5,"medium, organic","heavy, medium, light",moderate,low,150.0,270.0
TZA.14_1,Morogoro,Region,TZA,Tanzania,Wrightia tomentosa,2,2,2,1,2,2,2,2,2,22.0,32.0,5.0,45.0,1200.0,2400.0,900.0,3800.0,1300.0,5.5,7.0,5.0,7.5,light,"medium, light",low,low,180.0,300.0
TZA.14_1,Morogoro,Region,TZA,Tanzania,Xanthosoma sagittifolium,2,2,2,2,1,1,1,2,2,20.0,28.0,10.0,35.0,1000.0,2000.0,750.0,6000.0,1900.0,5.5,7.0,4.5,7.8,"medium, organic","medium, light",high,low,120.0,365.0
TZA.14_1,Morogoro,Region,TZA,Tanzania,Zea mays ssp. mays,2,1,2,2,2,1,1,2,2,18.0,33.0,10.0,47.0,600.0,1200.0,400.0,1800.0,4000.0,5.0,7.0,4.5,8.5,"medium, organic","heavy, medium, light",high,low,65.0,365.0
